"Series";"Time";"Value"
"Solar Irradiance";"2022-02-12T22:31:00+03:00";0.011666666840514001
"Solar Irradiance";"2022-02-12T22:32:00+03:00";0.011666666840513835
"Solar Irradiance";"2022-02-12T22:33:00+03:00";0.011666666840514001
"Solar Irradiance";"2022-02-12T22:34:00+03:00";0.006666666766008
"Solar Irradiance";"2022-02-12T22:35:00+03:00";0.010000000149011834
"Solar Irradiance";"2022-02-12T22:36:00+03:00";0.001666666691502
"Solar Irradiance";"2022-02-12T22:37:00+03:00";0.00833333345751
"Solar Irradiance";"2022-02-12T22:38:00+03:00";0.010000000149012
"Solar Irradiance";"2022-02-12T22:39:00+03:00";0.018333333606522
"Solar Irradiance";"2022-02-12T22:40:00+03:00";0.00833333345751
"Solar Irradiance";"2022-02-12T22:41:00+03:00";0.005000000074506
"Solar Irradiance";"2022-02-12T22:42:00+03:00";0.005000000074506
"Solar Irradiance";"2022-02-12T22:43:00+03:00";0.003333333383004
"Solar Irradiance";"2022-02-12T22:44:00+03:00";0.001666666691502
"Solar Irradiance";"2022-02-12T22:45:00+03:00";0.005000000074506
"Solar Irradiance";"2022-02-12T22:46:00+03:00";0.010000000149012
"Solar Irradiance";"2022-02-12T22:47:00+03:00";0.0066666667660078335
"Solar Irradiance";"2022-02-12T22:48:00+03:00";0.006666666766008
"Solar Irradiance";"2022-02-12T22:49:00+03:00";0.003333333383004
"Solar Irradiance";"2022-02-12T22:50:00+03:00";0.00833333345751
"Solar Irradiance";"2022-02-12T22:51:00+03:00";0.003333333383004
"Solar Irradiance";"2022-02-12T22:52:00+03:00";0.003333333383004
"Solar Irradiance";"2022-02-12T22:53:00+03:00";0.001666666691502
"Solar Irradiance";"2022-02-12T22:54:00+03:00";0
"Solar Irradiance";"2022-02-12T22:55:00+03:00";0.001666666691502
"Solar Irradiance";"2022-02-12T22:56:00+03:00";0.001666666691502
"Solar Irradiance";"2022-02-12T22:57:00+03:00";0
"Solar Irradiance";"2022-02-12T22:58:00+03:00";0.005084745838480678
"Solar Irradiance";"2022-02-12T22:59:00+03:00";0.001666666691502
"Solar Irradiance";"2022-02-12T23:00:00+03:00";0
"Solar Irradiance";"2022-02-12T23:01:00+03:00";0.005000000074506
"Solar Irradiance";"2022-02-12T23:02:00+03:00";0.003333333383004
"Solar Irradiance";"2022-02-12T23:03:00+03:00";0.015000000223518
"Solar Irradiance";"2022-02-12T23:04:00+03:00";0.005000000074506
"Solar Irradiance";"2022-02-12T23:05:00+03:00";0.003333333383004
"Solar Irradiance";"2022-02-12T23:06:00+03:00";0.005000000074506
"Solar Irradiance";"2022-02-12T23:07:00+03:00";0.005000000074506
"Solar Irradiance";"2022-02-12T23:08:00+03:00";0.003333333383004
"Solar Irradiance";"2022-02-12T23:09:00+03:00";0.001666666691502
"Solar Irradiance";"2022-02-12T23:10:00+03:00";0.003333333383004
"Solar Irradiance";"2022-02-12T23:11:00+03:00";0
"Solar Irradiance";"2022-02-12T23:12:00+03:00";0
"Solar Irradiance";"2022-02-12T23:13:00+03:00";0.010000000149012
"Solar Irradiance";"2022-02-12T23:14:00+03:00";0.00833333345751
"Solar Irradiance";"2022-02-12T23:15:00+03:00";0.005000000074506
"Solar Irradiance";"2022-02-12T23:16:00+03:00";0.011666666840514001
"Solar Irradiance";"2022-02-12T23:17:00+03:00";0
"Solar Irradiance";"2022-02-12T23:18:00+03:00";0.010000000149012
"Solar Irradiance";"2022-02-12T23:19:00+03:00";0.005000000074506
"Solar Irradiance";"2022-02-12T23:20:00+03:00";0.013333333532015833
"Solar Irradiance";"2022-02-12T23:21:00+03:00";0.001666666691502
"Solar Irradiance";"2022-02-12T23:22:00+03:00";0.006666666766008
"Solar Irradiance";"2022-02-12T23:23:00+03:00";0.00833333345751
"Solar Irradiance";"2022-02-12T23:24:00+03:00";0.005000000074506
"Solar Irradiance";"2022-02-12T23:25:00+03:00";0.003333333383004
"Solar Irradiance";"2022-02-12T23:26:00+03:00";0.003333333383004
"Solar Irradiance";"2022-02-12T23:27:00+03:00";0
"Solar Irradiance";"2022-02-12T23:28:00+03:00";0.001666666691502
"Solar Irradiance";"2022-02-12T23:29:00+03:00";0.0066666667660078335
"Solar Irradiance";"2022-02-12T23:30:00+03:00";0.003333333383004
"Solar Irradiance";"2022-02-12T23:31:00+03:00";0.005000000074506
"Solar Irradiance";"2022-02-12T23:32:00+03:00";0.010000000149011834
"Solar Irradiance";"2022-02-12T23:33:00+03:00";0.010000000149012
"Solar Irradiance";"2022-02-12T23:34:00+03:00";0.005000000074506
"Solar Irradiance";"2022-02-12T23:35:00+03:00";0.003333333383004
"Solar Irradiance";"2022-02-12T23:36:00+03:00";0.003333333383004
"Solar Irradiance";"2022-02-12T23:37:00+03:00";0.010000000149012
"Solar Irradiance";"2022-02-12T23:38:00+03:00";0.010000000149012
"Solar Irradiance";"2022-02-12T23:39:00+03:00";0.003333333383004
"Solar Irradiance";"2022-02-12T23:40:00+03:00";0.001666666691502
"Solar Irradiance";"2022-02-12T23:41:00+03:00";0.006666666766008
"Solar Irradiance";"2022-02-12T23:42:00+03:00";0.005000000074506
"Solar Irradiance";"2022-02-12T23:43:00+03:00";0.008474576397467798
"Solar Irradiance";"2022-02-12T23:44:00+03:00";0.011666666840513835
"Solar Irradiance";"2022-02-12T23:45:00+03:00";0.006666666766008
"Solar Irradiance";"2022-02-12T23:46:00+03:00";0.008333333457509834
"Solar Irradiance";"2022-02-12T23:47:00+03:00";0.015000000223517834
"Solar Irradiance";"2022-02-12T23:48:00+03:00";0.010000000149012
"Solar Irradiance";"2022-02-12T23:49:00+03:00";0.00833333345751
"Solar Irradiance";"2022-02-12T23:50:00+03:00";0.006666666766008
"Solar Irradiance";"2022-02-12T23:51:00+03:00";0.006666666766008
"Solar Irradiance";"2022-02-12T23:52:00+03:00";0
"Solar Irradiance";"2022-02-12T23:53:00+03:00";0.001666666691502
"Solar Irradiance";"2022-02-12T23:54:00+03:00";0.003333333383004
"Solar Irradiance";"2022-02-12T23:55:00+03:00";0
"Solar Irradiance";"2022-02-12T23:56:00+03:00";0.003333333383004
"Solar Irradiance";"2022-02-12T23:57:00+03:00";0.010000000149012
"Solar Irradiance";"2022-02-12T23:58:00+03:00";0.00833333345751
"Solar Irradiance";"2022-02-12T23:59:00+03:00";0.005000000074506
"Solar Irradiance";"2022-02-13T00:00:00+03:00";0.006666666766008
"Solar Irradiance";"2022-02-13T00:01:00+03:00";0
"Solar Irradiance";"2022-02-13T00:02:00+03:00";0
"Solar Irradiance";"2022-02-13T00:03:00+03:00";0
"Solar Irradiance";"2022-02-13T00:04:00+03:00";0
"Solar Irradiance";"2022-02-13T00:05:00+03:00";0
"Solar Irradiance";"2022-02-13T00:06:00+03:00";0
"Solar Irradiance";"2022-02-13T00:07:00+03:00";0.001666666691502
"Solar Irradiance";"2022-02-13T00:08:00+03:00";0
"Solar Irradiance";"2022-02-13T00:09:00+03:00";0.001666666691502
"Solar Irradiance";"2022-02-13T00:10:00+03:00";0.0066666667660078335
"Solar Irradiance";"2022-02-13T00:11:00+03:00";0
"Solar Irradiance";"2022-02-13T00:12:00+03:00";0
"Solar Irradiance";"2022-02-13T00:13:00+03:00";0
"Solar Irradiance";"2022-02-13T00:14:00+03:00";0.001666666691502
"Solar Irradiance";"2022-02-13T00:15:00+03:00";0
"Solar Irradiance";"2022-02-13T00:16:00+03:00";0
"Solar Irradiance";"2022-02-13T00:17:00+03:00";0.001666666691502
"Solar Irradiance";"2022-02-13T00:18:00+03:00";0.006666666766008
"Solar Irradiance";"2022-02-13T00:19:00+03:00";0.001666666691502
"Solar Irradiance";"2022-02-13T00:20:00+03:00";0.001666666691502
"Solar Irradiance";"2022-02-13T00:21:00+03:00";0
"Solar Irradiance";"2022-02-13T00:22:00+03:00";0
"Solar Irradiance";"2022-02-13T00:23:00+03:00";0.001666666691502
"Solar Irradiance";"2022-02-13T00:24:00+03:00";0.003333333383004
"Solar Irradiance";"2022-02-13T00:25:00+03:00";0
"Solar Irradiance";"2022-02-13T00:26:00+03:00";0.001666666691502
"Solar Irradiance";"2022-02-13T00:27:00+03:00";0.001666666691502
"Solar Irradiance";"2022-02-13T00:28:00+03:00";0.001666666691502
"Solar Irradiance";"2022-02-13T00:29:00+03:00";0.003333333383004
"Solar Irradiance";"2022-02-13T00:30:00+03:00";0
"Solar Irradiance";"2022-02-13T00:31:00+03:00";0.010000000149012
"Solar Irradiance";"2022-02-13T00:32:00+03:00";0.003333333383004
"Solar Irradiance";"2022-02-13T00:33:00+03:00";0.005000000074506
"Solar Irradiance";"2022-02-13T00:34:00+03:00";0
"Solar Irradiance";"2022-02-13T00:35:00+03:00";0.006666666766008
"Solar Irradiance";"2022-02-13T00:36:00+03:00";0
"Solar Irradiance";"2022-02-13T00:37:00+03:00";0
"Solar Irradiance";"2022-02-13T00:38:00+03:00";0.005000000074506
"Solar Irradiance";"2022-02-13T00:39:00+03:00";0.001666666691502
"Solar Irradiance";"2022-02-13T00:40:00+03:00";0.005000000074506
"Solar Irradiance";"2022-02-13T00:41:00+03:00";0.005000000074506
"Solar Irradiance";"2022-02-13T00:42:00+03:00";0
"Solar Irradiance";"2022-02-13T00:43:00+03:00";0.013333333532016
"Solar Irradiance";"2022-02-13T00:44:00+03:00";0.011666666840514001
"Solar Irradiance";"2022-02-13T00:45:00+03:00";0.003333333383004
"Solar Irradiance";"2022-02-13T00:46:00+03:00";0.010000000149012
"Solar Irradiance";"2022-02-13T00:47:00+03:00";0
"Solar Irradiance";"2022-02-13T00:48:00+03:00";0.010000000149011834
"Solar Irradiance";"2022-02-13T00:49:00+03:00";0.003333333383004
"Solar Irradiance";"2022-02-13T00:50:00+03:00";0.00833333345751
"Solar Irradiance";"2022-02-13T00:51:00+03:00";0
"Solar Irradiance";"2022-02-13T00:52:00+03:00";0.001666666691502
"Solar Irradiance";"2022-02-13T00:53:00+03:00";0.003448275913452414
"Solar Irradiance";"2022-02-13T00:54:00+03:00";0.003333333383004
"Solar Irradiance";"2022-02-13T00:55:00+03:00";0.003333333383004
"Solar Irradiance";"2022-02-13T00:56:00+03:00";0
"Solar Irradiance";"2022-02-13T00:57:00+03:00";0.00833333345751
"Solar Irradiance";"2022-02-13T00:58:00+03:00";0.001666666691502
"Solar Irradiance";"2022-02-13T00:59:00+03:00";0.001666666691502
"Solar Irradiance";"2022-02-13T01:00:00+03:00";0.003333333383004
"Solar Irradiance";"2022-02-13T01:01:00+03:00";0.006666666766008
"Solar Irradiance";"2022-02-13T01:02:00+03:00";0.015000000223518
"Solar Irradiance";"2022-02-13T01:03:00+03:00";0.001666666691502
"Solar Irradiance";"2022-02-13T01:04:00+03:00";0.001666666691502
"Solar Irradiance";"2022-02-13T01:05:00+03:00";0.001666666691502
"Solar Irradiance";"2022-02-13T01:06:00+03:00";0.001666666691502
"Solar Irradiance";"2022-02-13T01:07:00+03:00";0.001666666691502
"Solar Irradiance";"2022-02-13T01:08:00+03:00";0.005000000074506
"Solar Irradiance";"2022-02-13T01:09:00+03:00";0.015000000223518
"Solar Irradiance";"2022-02-13T01:10:00+03:00";0.006666666766008
"Solar Irradiance";"2022-02-13T01:11:00+03:00";0.001666666691502
"Solar Irradiance";"2022-02-13T01:12:00+03:00";0.010000000149012
"Solar Irradiance";"2022-02-13T01:13:00+03:00";0.006666666766008
"Solar Irradiance";"2022-02-13T01:14:00+03:00";0.00833333345751
"Solar Irradiance";"2022-02-13T01:15:00+03:00";0.00833333345751
"Solar Irradiance";"2022-02-13T01:16:00+03:00";0
"Solar Irradiance";"2022-02-13T01:17:00+03:00";0
"Solar Irradiance";"2022-02-13T01:18:00+03:00";0
"Solar Irradiance";"2022-02-13T01:19:00+03:00";0
"Solar Irradiance";"2022-02-13T01:20:00+03:00";0
"Solar Irradiance";"2022-02-13T01:21:00+03:00";0.001666666691502
"Solar Irradiance";"2022-02-13T01:22:00+03:00";0
"Solar Irradiance";"2022-02-13T01:23:00+03:00";0.00833333345751
"Solar Irradiance";"2022-02-13T01:24:00+03:00";0.005000000074505834
"Solar Irradiance";"2022-02-13T01:25:00+03:00";0.001666666691502
"Solar Irradiance";"2022-02-13T01:26:00+03:00";0
"Solar Irradiance";"2022-02-13T01:27:00+03:00";0
"Solar Irradiance";"2022-02-13T01:28:00+03:00";0
"Solar Irradiance";"2022-02-13T01:29:00+03:00";0.0016949152794935593
"Solar Irradiance";"2022-02-13T01:30:00+03:00";0
"Solar Irradiance";"2022-02-13T01:31:00+03:00";0.001666666691502
"Solar Irradiance";"2022-02-13T01:32:00+03:00";0
"Solar Irradiance";"2022-02-13T01:33:00+03:00";0.001666666691502
"Solar Irradiance";"2022-02-13T01:34:00+03:00";0.001666666691502
"Solar Irradiance";"2022-02-13T01:35:00+03:00";0
"Solar Irradiance";"2022-02-13T01:36:00+03:00";0.001666666691502
"Solar Irradiance";"2022-02-13T01:37:00+03:00";0.001666666691502
"Solar Irradiance";"2022-02-13T01:38:00+03:00";0
"Solar Irradiance";"2022-02-13T01:39:00+03:00";0
"Solar Irradiance";"2022-02-13T01:40:00+03:00";0
"Solar Irradiance";"2022-02-13T01:41:00+03:00";0.003333333383004
"Solar Irradiance";"2022-02-13T01:42:00+03:00";0
"Solar Irradiance";"2022-02-13T01:43:00+03:00";0
"Solar Irradiance";"2022-02-13T01:44:00+03:00";0.001666666691502
"Solar Irradiance";"2022-02-13T01:45:00+03:00";0.003333333383004
"Solar Irradiance";"2022-02-13T01:46:00+03:00";0.010000000149012
"Solar Irradiance";"2022-02-13T01:47:00+03:00";0.001666666691502
"Solar Irradiance";"2022-02-13T01:48:00+03:00";0.003333333383004
"Solar Irradiance";"2022-02-13T01:49:00+03:00";0.006666666766008
"Solar Irradiance";"2022-02-13T01:50:00+03:00";0.003333333383004
"Solar Irradiance";"2022-02-13T01:51:00+03:00";0.00833333345751
"Solar Irradiance";"2022-02-13T01:52:00+03:00";0.003333333383004
"Solar Irradiance";"2022-02-13T01:53:00+03:00";0.003333333383004
"Solar Irradiance";"2022-02-13T01:54:00+03:00";0.010000000149012
"Solar Irradiance";"2022-02-13T01:55:00+03:00";0.003333333383004
"Solar Irradiance";"2022-02-13T01:56:00+03:00";0.005000000074506
"Solar Irradiance";"2022-02-13T01:57:00+03:00";0.003333333383004
"Solar Irradiance";"2022-02-13T01:58:00+03:00";0.010000000149012
"Solar Irradiance";"2022-02-13T01:59:00+03:00";0.005000000074506
"Solar Irradiance";"2022-02-13T02:00:00+03:00";0.006666666766008
"Solar Irradiance";"2022-02-13T02:01:00+03:00";0.003333333383004
"Solar Irradiance";"2022-02-13T02:02:00+03:00";0.001666666691502
"Solar Irradiance";"2022-02-13T02:03:00+03:00";0.006666666766008
"Solar Irradiance";"2022-02-13T02:04:00+03:00";0.010000000149012
"Solar Irradiance";"2022-02-13T02:05:00+03:00";0
"Solar Irradiance";"2022-02-13T02:06:00+03:00";0.005000000074506
"Solar Irradiance";"2022-02-13T02:07:00+03:00";0.001666666691502
"Solar Irradiance";"2022-02-13T02:08:00+03:00";0.005000000074506
"Solar Irradiance";"2022-02-13T02:09:00+03:00";0.005263157973164211
"Solar Irradiance";"2022-02-13T02:10:00+03:00";0.011666666840514001
"Solar Irradiance";"2022-02-13T02:11:00+03:00";0.005000000074506
"Solar Irradiance";"2022-02-13T02:12:00+03:00";0.005000000074506
"Solar Irradiance";"2022-02-13T02:13:00+03:00";0.011666666840514001
"Solar Irradiance";"2022-02-13T02:14:00+03:00";0.005000000074506
"Solar Irradiance";"2022-02-13T02:15:00+03:00";0
"Solar Irradiance";"2022-02-13T02:16:00+03:00";0.001666666691502
"Solar Irradiance";"2022-02-13T02:17:00+03:00";0
"Solar Irradiance";"2022-02-13T02:18:00+03:00";0.003333333383004
"Solar Irradiance";"2022-02-13T02:19:00+03:00";0
"Solar Irradiance";"2022-02-13T02:20:00+03:00";0
"Solar Irradiance";"2022-02-13T02:21:00+03:00";0
"Solar Irradiance";"2022-02-13T02:22:00+03:00";0.001666666691502
"Solar Irradiance";"2022-02-13T02:23:00+03:00";0
"Solar Irradiance";"2022-02-13T02:24:00+03:00";0.001666666691502
"Solar Irradiance";"2022-02-13T02:25:00+03:00";0
"Solar Irradiance";"2022-02-13T02:26:00+03:00";0.003333333383004
"Solar Irradiance";"2022-02-13T02:27:00+03:00";0
"Solar Irradiance";"2022-02-13T02:28:00+03:00";0.006666666766008
"Solar Irradiance";"2022-02-13T02:29:00+03:00";0.003333333383004
"Solar Irradiance";"2022-02-13T02:30:00+03:00";0.010000000149012
"Solar Irradiance";"2022-02-13T02:31:00+03:00";0.03500000052154169
"Solar Irradiance";"2022-02-13T02:32:00+03:00";0.04166666728755002
"Solar Irradiance";"2022-02-13T02:33:00+03:00";0.07333333442608704
"Solar Irradiance";"2022-02-13T02:34:00+03:00";0.11833333522081554
"Solar Irradiance";"2022-02-13T02:35:00+03:00";0.16166666969656993
"Solar Irradiance";"2022-02-13T02:36:00+03:00";0.20666667136053185
"Solar Irradiance";"2022-02-13T02:37:00+03:00";0.3400000092883893
"Solar Irradiance";"2022-02-13T02:38:00+03:00";0.5066666752099989
"Solar Irradiance";"2022-02-13T02:39:00+03:00";0.7366666674613955
"Solar Irradiance";"2022-02-13T02:40:00+03:00";1.0416666775941905
"Solar Irradiance";"2022-02-13T02:41:00+03:00";1.3483333190282063
"Solar Irradiance";"2022-02-13T02:42:00+03:00";1.6466666777928802
"Solar Irradiance";"2022-02-13T02:43:00+03:00";1.896610146861952
"Solar Irradiance";"2022-02-13T02:44:00+03:00";2.1233332912127305
"Solar Irradiance";"2022-02-13T02:45:00+03:00";2.3016666650772106
"Solar Irradiance";"2022-02-13T02:46:00+03:00";2.4216667294502066
"Solar Irradiance";"2022-02-13T02:47:00+03:00";2.5383333086967546
"Solar Irradiance";"2022-02-13T02:48:00+03:00";2.6950000127156524
"Solar Irradiance";"2022-02-13T02:49:00+03:00";2.78999998172125
"Solar Irradiance";"2022-02-13T02:50:00+03:00";2.8750000437100596
"Solar Irradiance";"2022-02-13T02:51:00+03:00";3.039999985694889
"Solar Irradiance";"2022-02-13T02:52:00+03:00";3.336666679382321
"Solar Irradiance";"2022-02-13T02:53:00+03:00";3.6749999880790765
"Solar Irradiance";"2022-02-13T02:54:00+03:00";4.073333303133647
"Solar Irradiance";"2022-02-13T02:55:00+03:00";4.688333368301398
"Solar Irradiance";"2022-02-13T02:56:00+03:00";5.476666680971793
"Solar Irradiance";"2022-02-13T02:57:00+03:00";6.3566666762034085
"Solar Irradiance";"2022-02-13T02:58:00+03:00";7.239999993642168
"Solar Irradiance";"2022-02-13T02:59:00+03:00";8.093333371480307
"Solar Irradiance";"2022-02-13T03:00:00+03:00";8.923333358764642
"Solar Irradiance";"2022-02-13T03:01:00+03:00";9.574999968210857
"Solar Irradiance";"2022-02-13T03:02:00+03:00";10.315000057220521
"Solar Irradiance";"2022-02-13T03:03:00+03:00";10.943333323796585
"Solar Irradiance";"2022-02-13T03:04:00+03:00";11.491666698455834
"Solar Irradiance";"2022-02-13T03:05:00+03:00";12.011666695276913
"Solar Irradiance";"2022-02-13T03:06:00+03:00";12.595000012715666
"Solar Irradiance";"2022-02-13T03:07:00+03:00";13.336666663487751
"Solar Irradiance";"2022-02-13T03:08:00+03:00";13.983333317438753
"Solar Irradiance";"2022-02-13T03:09:00+03:00";14.801666657129918
"Solar Irradiance";"2022-02-13T03:10:00+03:00";15.866666634877516
"Solar Irradiance";"2022-02-13T03:11:00+03:00";17.1733333905538
"Solar Irradiance";"2022-02-13T03:12:00+03:00";18.31499996185303
"Solar Irradiance";"2022-02-13T03:13:00+03:00";19.1516666094462
"Solar Irradiance";"2022-02-13T03:14:00+03:00";19.90333340962728
"Solar Irradiance";"2022-02-13T03:15:00+03:00";20.68499994277955
"Solar Irradiance";"2022-02-13T03:16:00+03:00";21.888333384195885
"Solar Irradiance";"2022-02-13T03:17:00+03:00";23.513333320617715
"Solar Irradiance";"2022-02-13T03:18:00+03:00";25.98999999364221
"Solar Irradiance";"2022-02-13T03:19:00+03:00";27.545000203450545
"Solar Irradiance";"2022-02-13T03:20:00+03:00";27.15833342870076
"Solar Irradiance";"2022-02-13T03:21:00+03:00";27.5366666793823
"Solar Irradiance";"2022-02-13T03:22:00+03:00";28.233898292153498
"Solar Irradiance";"2022-02-13T03:23:00+03:00";28.736666679382303
"Solar Irradiance";"2022-02-13T03:24:00+03:00";29.59333349863683
"Solar Irradiance";"2022-02-13T03:25:00+03:00";31.01499993006396
"Solar Irradiance";"2022-02-13T03:26:00+03:00";31.335000197092697
"Solar Irradiance";"2022-02-13T03:27:00+03:00";31.83499981562299
"Solar Irradiance";"2022-02-13T03:28:00+03:00";32.80333340962728
"Solar Irradiance";"2022-02-13T03:29:00+03:00";34.014999961853036
"Solar Irradiance";"2022-02-13T03:30:00+03:00";35.3583334604899
"Solar Irradiance";"2022-02-13T03:31:00+03:00";36.37333329518637
"Solar Irradiance";"2022-02-13T03:32:00+03:00";37.50666650136315
"Solar Irradiance";"2022-02-13T03:33:00+03:00";38.633333333333326
"Solar Irradiance";"2022-02-13T03:34:00+03:00";39.461666742960595
"Solar Irradiance";"2022-02-13T03:35:00+03:00";39.98666655222571
"Solar Irradiance";"2022-02-13T03:36:00+03:00";40.6150002797445
"Solar Irradiance";"2022-02-13T03:37:00+03:00";46.30999997456869
"Solar Irradiance";"2022-02-13T03:38:00+03:00";58.65166676839195
"Solar Irradiance";"2022-02-13T03:39:00+03:00";63.718333117167155
"Solar Irradiance";"2022-02-13T03:40:00+03:00";54.0649998982747
"Solar Irradiance";"2022-02-13T03:41:00+03:00";45.49500020345051
"Solar Irradiance";"2022-02-13T03:42:00+03:00";44.99833342234293
"Solar Irradiance";"2022-02-13T03:43:00+03:00";46.42166652679448
"Solar Irradiance";"2022-02-13T03:44:00+03:00";47.96166680653894
"Solar Irradiance";"2022-02-13T03:45:00+03:00";50.57833321889242
"Solar Irradiance";"2022-02-13T03:46:00+03:00";50.89499994913739
"Solar Irradiance";"2022-02-13T03:47:00+03:00";49.24833329518631
"Solar Irradiance";"2022-02-13T03:48:00+03:00";49.19666684468594
"Solar Irradiance";"2022-02-13T03:49:00+03:00";49.884999974568665
"Solar Irradiance";"2022-02-13T03:50:00+03:00";49.730000050862515
"Solar Irradiance";"2022-02-13T03:51:00+03:00";50.09833342234301
"Solar Irradiance";"2022-02-13T03:52:00+03:00";50.69999974568687
"Solar Irradiance";"2022-02-13T03:53:00+03:00";51.68166637420654
"Solar Irradiance";"2022-02-13T03:54:00+03:00";53.94333337148034
"Solar Irradiance";"2022-02-13T03:55:00+03:00";56.596666781107594
"Solar Irradiance";"2022-02-13T03:56:00+03:00";55.598333485921195
"Solar Irradiance";"2022-02-13T03:57:00+03:00";54.23833306630457
"Solar Irradiance";"2022-02-13T03:58:00+03:00";54.61833343505857
"Solar Irradiance";"2022-02-13T03:59:00+03:00";55.366666603088404
"Solar Irradiance";"2022-02-13T04:00:00+03:00";56.75166676839191
"Solar Irradiance";"2022-02-13T04:01:00+03:00";57.95666681925456
"Solar Irradiance";"2022-02-13T04:02:00+03:00";58.37833328247071
"Solar Irradiance";"2022-02-13T04:03:00+03:00";58.83965511979727
"Solar Irradiance";"2022-02-13T04:04:00+03:00";59.13000017801927
"Solar Irradiance";"2022-02-13T04:05:00+03:00";59.69333324432374
"Solar Irradiance";"2022-02-13T04:06:00+03:00";60.483333079020085
"Solar Irradiance";"2022-02-13T04:07:00+03:00";61.066666666666634
"Solar Irradiance";"2022-02-13T04:08:00+03:00";61.65333334604898
"Solar Irradiance";"2022-02-13T04:09:00+03:00";62.33999977111816
"Solar Irradiance";"2022-02-13T04:10:00+03:00";63.01833330790203
"Solar Irradiance";"2022-02-13T04:11:00+03:00";63.5266665776571
"Solar Irradiance";"2022-02-13T04:12:00+03:00";64.01499945322672
"Solar Irradiance";"2022-02-13T04:13:00+03:00";64.54500045776369
"Solar Irradiance";"2022-02-13T04:14:00+03:00";65.30666669209798
"Solar Irradiance";"2022-02-13T04:15:00+03:00";67.09333330790203
"Solar Irradiance";"2022-02-13T04:16:00+03:00";76.03000005086263
"Solar Irradiance";"2022-02-13T04:17:00+03:00";85.76333325703939
"Solar Irradiance";"2022-02-13T04:18:00+03:00";91.44666709899907
"Solar Irradiance";"2022-02-13T04:19:00+03:00";82.13500010172525
"Solar Irradiance";"2022-02-13T04:20:00+03:00";72.86500002543133
"Solar Irradiance";"2022-02-13T04:21:00+03:00";72.11666628519693
"Solar Irradiance";"2022-02-13T04:22:00+03:00";71.67499987284342
"Solar Irradiance";"2022-02-13T04:23:00+03:00";71.33833351135256
"Solar Irradiance";"2022-02-13T04:24:00+03:00";71.7166669209798
"Solar Irradiance";"2022-02-13T04:25:00+03:00";72.1300001780192
"Solar Irradiance";"2022-02-13T04:26:00+03:00";72.72500063578289
"Solar Irradiance";"2022-02-13T04:27:00+03:00";74.78999951680501
"Solar Irradiance";"2022-02-13T04:28:00+03:00";76.4616668701172
"Solar Irradiance";"2022-02-13T04:29:00+03:00";77.97999966939288
"Solar Irradiance";"2022-02-13T04:30:00+03:00";80.52833340962727
"Solar Irradiance";"2022-02-13T04:31:00+03:00";88.31333338419599
"Solar Irradiance";"2022-02-13T04:32:00+03:00";109.19152495820622
"Solar Irradiance";"2022-02-13T04:33:00+03:00";110.70833371480333
"Solar Irradiance";"2022-02-13T04:34:00+03:00";113.58999977111799
"Solar Irradiance";"2022-02-13T04:35:00+03:00";180.56166610717733
"Solar Irradiance";"2022-02-13T04:36:00+03:00";204.09666773478264
"Solar Irradiance";"2022-02-13T04:37:00+03:00";141.27833391825396
"Solar Irradiance";"2022-02-13T04:38:00+03:00";109.27833328247078
"Solar Irradiance";"2022-02-13T04:39:00+03:00";88.18833325703937
"Solar Irradiance";"2022-02-13T04:40:00+03:00";89.07500012715658
"Solar Irradiance";"2022-02-13T04:41:00+03:00";93.17500025431315
"Solar Irradiance";"2022-02-13T04:42:00+03:00";95.96833343505864
"Solar Irradiance";"2022-02-13T04:43:00+03:00";96.20833295186354
"Solar Irradiance";"2022-02-13T04:44:00+03:00";92.20000025431317
"Solar Irradiance";"2022-02-13T04:45:00+03:00";86.48833363850912
"Solar Irradiance";"2022-02-13T04:46:00+03:00";84.01166725158691
"Solar Irradiance";"2022-02-13T04:47:00+03:00";84.54666608174641
"Solar Irradiance";"2022-02-13T04:48:00+03:00";85.10499941507975
"Solar Irradiance";"2022-02-13T04:49:00+03:00";85.70333366394044
"Solar Irradiance";"2022-02-13T04:50:00+03:00";86.46499977111814
"Solar Irradiance";"2022-02-13T04:51:00+03:00";89.82333348592125
"Solar Irradiance";"2022-02-13T04:52:00+03:00";101.95166651407865
"Solar Irradiance";"2022-02-13T04:53:00+03:00";107.58666699727392
"Solar Irradiance";"2022-02-13T04:54:00+03:00";115.42333374023477
"Solar Irradiance";"2022-02-13T04:55:00+03:00";148.2816660563147
"Solar Irradiance";"2022-02-13T04:56:00+03:00";121.84499982198068
"Solar Irradiance";"2022-02-13T04:57:00+03:00";99.45166727701819
"Solar Irradiance";"2022-02-13T04:58:00+03:00";96.09833310445137
"Solar Irradiance";"2022-02-13T04:59:00+03:00";105.476666768392
"Solar Irradiance";"2022-02-13T05:00:00+03:00";150.01833457946864
"Solar Irradiance";"2022-02-13T05:01:00+03:00";191.84666595458933
"Solar Irradiance";"2022-02-13T05:02:00+03:00";330.8383326212568
"Solar Irradiance";"2022-02-13T05:03:00+03:00";364.1750000000003
"Solar Irradiance";"2022-02-13T05:04:00+03:00";459.6982763882342
"Solar Irradiance";"2022-02-13T05:05:00+03:00";483.3779658947958
"Solar Irradiance";"2022-02-13T05:06:00+03:00";490.6300013224288
"Solar Irradiance";"2022-02-13T05:07:00+03:00";495.5733327229809
"Solar Irradiance";"2022-02-13T05:08:00+03:00";501.0199996948246
"Solar Irradiance";"2022-02-13T05:09:00+03:00";505.9166671752931
"Solar Irradiance";"2022-02-13T05:10:00+03:00";510.72666524251326
"Solar Irradiance";"2022-02-13T05:11:00+03:00";515.0416646321617
"Solar Irradiance";"2022-02-13T05:12:00+03:00";518.3816660563152
"Solar Irradiance";"2022-02-13T05:13:00+03:00";523.1749959309899
"Solar Irradiance";"2022-02-13T05:14:00+03:00";528.9466613769537
"Solar Irradiance";"2022-02-13T05:15:00+03:00";533.1100006103513
"Solar Irradiance";"2022-02-13T05:16:00+03:00";535.6250010172523
"Solar Irradiance";"2022-02-13T05:17:00+03:00";541.8150004069013
"Solar Irradiance";"2022-02-13T05:18:00+03:00";546.0516672770183
"Solar Irradiance";"2022-02-13T05:19:00+03:00";549.5783284505213
"Solar Irradiance";"2022-02-13T05:20:00+03:00";553.4450022379556
"Solar Irradiance";"2022-02-13T05:21:00+03:00";558.0133331298829
"Solar Irradiance";"2022-02-13T05:22:00+03:00";561.5933319091799
"Solar Irradiance";"2022-02-13T05:23:00+03:00";565.7783335367837
"Solar Irradiance";"2022-02-13T05:24:00+03:00";569.7983347574867
"Solar Irradiance";"2022-02-13T05:25:00+03:00";574.6266693115232
"Solar Irradiance";"2022-02-13T05:26:00+03:00";578.8383331298829
"Solar Irradiance";"2022-02-13T05:27:00+03:00";583.7766703287757
"Solar Irradiance";"2022-02-13T05:28:00+03:00";587.1500010172527
"Solar Irradiance";"2022-02-13T05:29:00+03:00";591.5349975585941
"Solar Irradiance";"2022-02-13T05:30:00+03:00";595.6400034586584
"Solar Irradiance";"2022-02-13T05:31:00+03:00";600.0683339436849
"Solar Irradiance";"2022-02-13T05:32:00+03:00";603.5566660563151
"Solar Irradiance";"2022-02-13T05:33:00+03:00";609.3135613910222
"Solar Irradiance";"2022-02-13T05:34:00+03:00";615.6750020345047
"Solar Irradiance";"2022-02-13T05:35:00+03:00";619.7316650390627
"Solar Irradiance";"2022-02-13T05:36:00+03:00";623.1649993896485
"Solar Irradiance";"2022-02-13T05:37:00+03:00";627.6966654459636
"Solar Irradiance";"2022-02-13T05:38:00+03:00";632.4099985758468
"Solar Irradiance";"2022-02-13T05:39:00+03:00";637.023332722982
"Solar Irradiance";"2022-02-13T05:40:00+03:00";641.1999989827475
"Solar Irradiance";"2022-02-13T05:41:00+03:00";645.1183288574223
"Solar Irradiance";"2022-02-13T05:42:00+03:00";648.7866668701174
"Solar Irradiance";"2022-02-13T05:43:00+03:00";651.5866668701169
"Solar Irradiance";"2022-02-13T05:44:00+03:00";654.6983357747393
"Solar Irradiance";"2022-02-13T05:45:00+03:00";657.8350006103516
"Solar Irradiance";"2022-02-13T05:46:00+03:00";661.151665242513
"Solar Irradiance";"2022-02-13T05:47:00+03:00";665.8100016276039
"Solar Irradiance";"2022-02-13T05:48:00+03:00";670.0233357747392
"Solar Irradiance";"2022-02-13T05:49:00+03:00";674.2049997965495
"Solar Irradiance";"2022-02-13T05:50:00+03:00";677.3183349609375
"Solar Irradiance";"2022-02-13T05:51:00+03:00";680.6283315022786
"Solar Irradiance";"2022-02-13T05:52:00+03:00";684.3583363850908
"Solar Irradiance";"2022-02-13T05:53:00+03:00";687.073332722982
"Solar Irradiance";"2022-02-13T05:54:00+03:00";690.6650034586586
"Solar Irradiance";"2022-02-13T05:55:00+03:00";695.6133331298827
"Solar Irradiance";"2022-02-13T05:56:00+03:00";698.561666870117
"Solar Irradiance";"2022-02-13T05:57:00+03:00";701.8933308919272
"Solar Irradiance";"2022-02-13T05:58:00+03:00";705.3300008138017
"Solar Irradiance";"2022-02-13T05:59:00+03:00";708.4100036621093
"Solar Irradiance";"2022-02-13T06:00:00+03:00";711.2466654459638
"Solar Irradiance";"2022-02-13T06:01:00+03:00";715.5366699218744
"Solar Irradiance";"2022-02-13T06:02:00+03:00";720.1616668701174
"Solar Irradiance";"2022-02-13T06:03:00+03:00";723.7700002034505
"Solar Irradiance";"2022-02-13T06:04:00+03:00";727.9733347574869
"Solar Irradiance";"2022-02-13T06:05:00+03:00";728.6383331298829
"Solar Irradiance";"2022-02-13T06:06:00+03:00";731.3466674804688
"Solar Irradiance";"2022-02-13T06:07:00+03:00";735.0666656494142
"Solar Irradiance";"2022-02-13T06:08:00+03:00";738.7033335367838
"Solar Irradiance";"2022-02-13T06:09:00+03:00";740.8816650390626
"Solar Irradiance";"2022-02-13T06:10:00+03:00";742.9383321126303
"Solar Irradiance";"2022-02-13T06:11:00+03:00";747.8483357747397
"Solar Irradiance";"2022-02-13T06:12:00+03:00";751.2749979654951
"Solar Irradiance";"2022-02-13T06:13:00+03:00";755.5666646321613
"Solar Irradiance";"2022-02-13T06:14:00+03:00";760.4549967447919
"Solar Irradiance";"2022-02-13T06:15:00+03:00";763.3745737884007
"Solar Irradiance";"2022-02-13T06:16:00+03:00";768.8883341471352
"Solar Irradiance";"2022-02-13T06:17:00+03:00";772.4649993896484
"Solar Irradiance";"2022-02-13T06:18:00+03:00";775.7149983723957
"Solar Irradiance";"2022-02-13T06:19:00+03:00";777.4316670735677
"Solar Irradiance";"2022-02-13T06:20:00+03:00";781.8533345540365
"Solar Irradiance";"2022-02-13T06:21:00+03:00";784.2300018310546
"Solar Irradiance";"2022-02-13T06:22:00+03:00";787.7850016276043
"Solar Irradiance";"2022-02-13T06:23:00+03:00";791.5449991861976
"Solar Irradiance";"2022-02-13T06:24:00+03:00";794.4633321126302
"Solar Irradiance";"2022-02-13T06:25:00+03:00";796.7433329264323
"Solar Irradiance";"2022-02-13T06:26:00+03:00";800.750002034505
"Solar Irradiance";"2022-02-13T06:27:00+03:00";804.9883321126302
"Solar Irradiance";"2022-02-13T06:28:00+03:00";808.7583302815755
"Solar Irradiance";"2022-02-13T06:29:00+03:00";812.6100016276044
"Solar Irradiance";"2022-02-13T06:30:00+03:00";813.6616638183597
"Solar Irradiance";"2022-02-13T06:31:00+03:00";816.5733337402345
"Solar Irradiance";"2022-02-13T06:32:00+03:00";817.1583302815757
"Solar Irradiance";"2022-02-13T06:33:00+03:00";820.3850016276042
"Solar Irradiance";"2022-02-13T06:34:00+03:00";825.6423774331303
"Solar Irradiance";"2022-02-13T06:35:00+03:00";828.3733367919918
"Solar Irradiance";"2022-02-13T06:36:00+03:00";831.8866668701172
"Solar Irradiance";"2022-02-13T06:37:00+03:00";834.5066670735677
"Solar Irradiance";"2022-02-13T06:38:00+03:00";837.73166809082
"Solar Irradiance";"2022-02-13T06:39:00+03:00";839.303337605794
"Solar Irradiance";"2022-02-13T06:40:00+03:00";841.236669921875
"Solar Irradiance";"2022-02-13T06:41:00+03:00";843.9233286539715
"Solar Irradiance";"2022-02-13T06:42:00+03:00";847.2249989827474
"Solar Irradiance";"2022-02-13T06:43:00+03:00";849.9300028483071
"Solar Irradiance";"2022-02-13T06:44:00+03:00";853.7616668701173
"Solar Irradiance";"2022-02-13T06:45:00+03:00";854.6133341471357
"Solar Irradiance";"2022-02-13T06:46:00+03:00";854.703337605794
"Solar Irradiance";"2022-02-13T06:47:00+03:00";857.9783315022789
"Solar Irradiance";"2022-02-13T06:48:00+03:00";863.1283335367841
"Solar Irradiance";"2022-02-13T06:49:00+03:00";865.683333333333
"Solar Irradiance";"2022-02-13T06:50:00+03:00";866.7683349609373
"Solar Irradiance";"2022-02-13T06:51:00+03:00";868.9916666666666
"Solar Irradiance";"2022-02-13T06:52:00+03:00";871.7050028483068
"Solar Irradiance";"2022-02-13T06:53:00+03:00";874.6566670735675
"Solar Irradiance";"2022-02-13T06:54:00+03:00";877.6066650390627
"Solar Irradiance";"2022-02-13T06:55:00+03:00";879.1083323160807
"Solar Irradiance";"2022-02-13T06:56:00+03:00";883.5266672770181
"Solar Irradiance";"2022-02-13T06:57:00+03:00";890.2399973551434
"Solar Irradiance";"2022-02-13T06:58:00+03:00";890.8549977620443
"Solar Irradiance";"2022-02-13T06:59:00+03:00";894.1200022379556
"Solar Irradiance";"2022-02-13T07:00:00+03:00";895.951667277018
"Solar Irradiance";"2022-02-13T07:01:00+03:00";900.3816660563153
"Solar Irradiance";"2022-02-13T07:02:00+03:00";904.4299977620445
"Solar Irradiance";"2022-02-13T07:03:00+03:00";907.1683339436847
"Solar Irradiance";"2022-02-13T07:04:00+03:00";906.2983357747394
"Solar Irradiance";"2022-02-13T07:05:00+03:00";905.7033365885413
"Solar Irradiance";"2022-02-13T07:06:00+03:00";906.6866689046223
"Solar Irradiance";"2022-02-13T07:07:00+03:00";911.1399973551432
"Solar Irradiance";"2022-02-13T07:08:00+03:00";915.2616658528647
"Solar Irradiance";"2022-02-13T07:09:00+03:00";918.7216664632163
"Solar Irradiance";"2022-02-13T07:10:00+03:00";919.8349995930988
"Solar Irradiance";"2022-02-13T07:11:00+03:00";920.2950002034504
"Solar Irradiance";"2022-02-13T07:12:00+03:00";922.7566680908201
"Solar Irradiance";"2022-02-13T07:13:00+03:00";925.7683329264323
"Solar Irradiance";"2022-02-13T07:14:00+03:00";926.8900014241536
"Solar Irradiance";"2022-02-13T07:15:00+03:00";929.7766652425132
"Solar Irradiance";"2022-02-13T07:16:00+03:00";931.2466695149737
"Solar Irradiance";"2022-02-13T07:17:00+03:00";934.5316691080728
"Solar Irradiance";"2022-02-13T07:18:00+03:00";937.0766642252606
"Solar Irradiance";"2022-02-13T07:19:00+03:00";939.0816650390625
"Solar Irradiance";"2022-02-13T07:20:00+03:00";941.8916676839192
"Solar Irradiance";"2022-02-13T07:21:00+03:00";944.9866658528646
"Solar Irradiance";"2022-02-13T07:22:00+03:00";947.7833353678384
"Solar Irradiance";"2022-02-13T07:23:00+03:00";947.1016662597657
"Solar Irradiance";"2022-02-13T07:24:00+03:00";948.3099975585939
"Solar Irradiance";"2022-02-13T07:25:00+03:00";952.6399993896484
"Solar Irradiance";"2022-02-13T07:26:00+03:00";955.9633321126304
"Solar Irradiance";"2022-02-13T07:27:00+03:00";956.6983347574871
"Solar Irradiance";"2022-02-13T07:28:00+03:00";958.2749989827475
"Solar Irradiance";"2022-02-13T07:29:00+03:00";959.9466674804686
"Solar Irradiance";"2022-02-13T07:30:00+03:00";962.2483306884766
"Solar Irradiance";"2022-02-13T07:31:00+03:00";963.9133331298829
"Solar Irradiance";"2022-02-13T07:32:00+03:00";965.3133310953777
"Solar Irradiance";"2022-02-13T07:33:00+03:00";967.8783294677737
"Solar Irradiance";"2022-02-13T07:34:00+03:00";968.153331502279
"Solar Irradiance";"2022-02-13T07:35:00+03:00";970.1050008138021
"Solar Irradiance";"2022-02-13T07:36:00+03:00";968.9133351643876
"Solar Irradiance";"2022-02-13T07:37:00+03:00";970.7349985758466
"Solar Irradiance";"2022-02-13T07:38:00+03:00";974.0699981689454
"Solar Irradiance";"2022-02-13T07:39:00+03:00";972.8100036621089
"Solar Irradiance";"2022-02-13T07:40:00+03:00";978.5299997965492
"Solar Irradiance";"2022-02-13T07:41:00+03:00";982.2
"Solar Irradiance";"2022-02-13T07:42:00+03:00";984.2216674804688
"Solar Irradiance";"2022-02-13T07:43:00+03:00";986.8799977620442
"Solar Irradiance";"2022-02-13T07:44:00+03:00";987.134999593099
"Solar Irradiance";"2022-02-13T07:45:00+03:00";989.7850026448564
"Solar Irradiance";"2022-02-13T07:46:00+03:00";992.1683369954422
"Solar Irradiance";"2022-02-13T07:47:00+03:00";994.2249979654947
"Solar Irradiance";"2022-02-13T07:48:00+03:00";997.753336588545
"Solar Irradiance";"2022-02-13T07:49:00+03:00";997.3066670735675
"Solar Irradiance";"2022-02-13T07:50:00+03:00";998.9716664632175
"Solar Irradiance";"2022-02-13T07:51:00+03:00";1000.1964935838124
"Solar Irradiance";"2022-02-13T07:52:00+03:00";1001.6033345540394
"Solar Irradiance";"2022-02-13T07:53:00+03:00";1001.7016703287751
"Solar Irradiance";"2022-02-13T07:54:00+03:00";1001.4616709391272
"Solar Irradiance";"2022-02-13T07:55:00+03:00";1006.0650024414068
"Solar Irradiance";"2022-02-13T07:56:00+03:00";1007.838333129877
"Solar Irradiance";"2022-02-13T07:57:00+03:00";1009.9733276367036
"Solar Irradiance";"2022-02-13T07:58:00+03:00";1013.9099995931032
"Solar Irradiance";"2022-02-13T07:59:00+03:00";1016.5366668701168
"Solar Irradiance";"2022-02-13T08:00:00+03:00";1017.9016662597701
"Solar Irradiance";"2022-02-13T08:01:00+03:00";1020.1033345540335
"Solar Irradiance";"2022-02-13T08:02:00+03:00";1020.8449991861952
"Solar Irradiance";"2022-02-13T08:03:00+03:00";1020.7899973551396
"Solar Irradiance";"2022-02-13T08:04:00+03:00";1020.4316619873033
"Solar Irradiance";"2022-02-13T08:05:00+03:00";1022.7666717529349
"Solar Irradiance";"2022-02-13T08:06:00+03:00";1026.4883280436234
"Solar Irradiance";"2022-02-13T08:07:00+03:00";1026.5466735839834
"Solar Irradiance";"2022-02-13T08:08:00+03:00";1026.5633361816383
"Solar Irradiance";"2022-02-13T08:09:00+03:00";1027.9966674804732
"Solar Irradiance";"2022-02-13T08:10:00+03:00";1026.6416727701885
"Solar Irradiance";"2022-02-13T08:11:00+03:00";1024.6366658528666
"Solar Irradiance";"2022-02-13T08:12:00+03:00";1024.2016672770249
"Solar Irradiance";"2022-02-13T08:13:00+03:00";1029.2549987792902
"Solar Irradiance";"2022-02-13T08:14:00+03:00";1032.3133321126354
"Solar Irradiance";"2022-02-13T08:15:00+03:00";1035.8866739908867
"Solar Irradiance";"2022-02-13T08:16:00+03:00";1033.898331705725
"Solar Irradiance";"2022-02-13T08:17:00+03:00";1032.942370398566
"Solar Irradiance";"2022-02-13T08:18:00+03:00";1030.3600016276
"Solar Irradiance";"2022-02-13T08:19:00+03:00";1033.5399943033801
"Solar Irradiance";"2022-02-13T08:20:00+03:00";1032.4450032552068
"Solar Irradiance";"2022-02-13T08:21:00+03:00";1034.8066670735682
"Solar Irradiance";"2022-02-13T08:22:00+03:00";1035.9666687011766
"Solar Irradiance";"2022-02-13T08:23:00+03:00";1037.4900044759129
"Solar Irradiance";"2022-02-13T08:24:00+03:00";1036.35667521159
"Solar Irradiance";"2022-02-13T08:25:00+03:00";1036.4733317057264
"Solar Irradiance";"2022-02-13T08:26:00+03:00";1040.8466695149718
"Solar Irradiance";"2022-02-13T08:27:00+03:00";1039.7233357747418
"Solar Irradiance";"2022-02-13T08:28:00+03:00";1036.643330891925
"Solar Irradiance";"2022-02-13T08:29:00+03:00";1037.3000020345082
"Solar Irradiance";"2022-02-13T08:30:00+03:00";1037.7250000000001
"Solar Irradiance";"2022-02-13T08:31:00+03:00";1040.536661783855
"Solar Irradiance";"2022-02-13T08:32:00+03:00";1045.5383382161388
"Solar Irradiance";"2022-02-13T08:33:00+03:00";1044.9083333333335
"Solar Irradiance";"2022-02-13T08:34:00+03:00";1042.2533325195286
"Solar Irradiance";"2022-02-13T08:35:00+03:00";1040.263336181645
"Solar Irradiance";"2022-02-13T08:36:00+03:00";1035.2916605631565
"Solar Irradiance";"2022-02-13T08:37:00+03:00";1035.3033284505264
"Solar Irradiance";"2022-02-13T08:38:00+03:00";1038.1599955240883
"Solar Irradiance";"2022-02-13T08:39:00+03:00";1040.3416666666617
"Solar Irradiance";"2022-02-13T08:40:00+03:00";1039.5583353678383
"Solar Irradiance";"2022-02-13T08:41:00+03:00";1040.8183390299453
"Solar Irradiance";"2022-02-13T08:42:00+03:00";1043.253338623047
"Solar Irradiance";"2022-02-13T08:43:00+03:00";1038.316660563147
"Solar Irradiance";"2022-02-13T08:44:00+03:00";1035.6516642252602
"Solar Irradiance";"2022-02-13T08:45:00+03:00";1030.6199930826847
"Solar Irradiance";"2022-02-13T08:46:00+03:00";1025.3000000000015
"Solar Irradiance";"2022-02-13T08:47:00+03:00";1023.5483347574833
"Solar Irradiance";"2022-02-13T08:48:00+03:00";1026.7400024414083
"Solar Irradiance";"2022-02-13T08:49:00+03:00";1031.76833496094
"Solar Irradiance";"2022-02-13T08:50:00+03:00";1028.6199951171898
"Solar Irradiance";"2022-02-13T08:51:00+03:00";1024.793333943693
"Solar Irradiance";"2022-02-13T08:52:00+03:00";1025.7050008138017
"Solar Irradiance";"2022-02-13T08:53:00+03:00";1025.8916646321602
"Solar Irradiance";"2022-02-13T08:54:00+03:00";1024.2900034586617
"Solar Irradiance";"2022-02-13T08:55:00+03:00";1025.0433369954485
"Solar Irradiance";"2022-02-13T08:56:00+03:00";1031.3399922688864
"Solar Irradiance";"2022-02-13T08:57:00+03:00";1029.1103410392034
"Solar Irradiance";"2022-02-13T08:58:00+03:00";1023.4083312988332
"Solar Irradiance";"2022-02-13T08:59:00+03:00";1022.63666788737
"Solar Irradiance";"2022-02-13T09:00:00+03:00";1024.3116678873669
"Solar Irradiance";"2022-02-13T09:01:00+03:00";1021.4316670735649
"Solar Irradiance";"2022-02-13T09:02:00+03:00";1016.5816650390649
"Solar Irradiance";"2022-02-13T09:03:00+03:00";1013.4383361816464
"Solar Irradiance";"2022-02-13T09:04:00+03:00";1007.7599995930918
"Solar Irradiance";"2022-02-13T09:05:00+03:00";1006.388334147135
"Solar Irradiance";"2022-02-13T09:06:00+03:00";1002.7633290608733
"Solar Irradiance";"2022-02-13T09:07:00+03:00";1002.0783325195283
"Solar Irradiance";"2022-02-13T09:08:00+03:00";1001.488335164389
"Solar Irradiance";"2022-02-13T09:09:00+03:00";1004.9066619873048
"Solar Irradiance";"2022-02-13T09:10:00+03:00";1008.506664021805
"Solar Irradiance";"2022-02-13T09:11:00+03:00";1012.6983306884769
"Solar Irradiance";"2022-02-13T09:12:00+03:00";1010.5899983723951
"Solar Irradiance";"2022-02-13T09:13:00+03:00";1006.369997151695
"Solar Irradiance";"2022-02-13T09:14:00+03:00";1000.2416666666697
"Solar Irradiance";"2022-02-13T09:15:00+03:00";995.7616689046224
"Solar Irradiance";"2022-02-13T09:16:00+03:00";998.4099985758444
"Solar Irradiance";"2022-02-13T09:17:00+03:00";1003.0949971516949
"Solar Irradiance";"2022-02-13T09:18:00+03:00";1000.4033865201253
"Solar Irradiance";"2022-02-13T09:19:00+03:00";1002.028333536793
"Solar Irradiance";"2022-02-13T09:20:00+03:00";998.1250040690098
"Solar Irradiance";"2022-02-13T09:21:00+03:00";993.3499979654952
"Solar Irradiance";"2022-02-13T09:22:00+03:00";990.7066640218101
"Solar Irradiance";"2022-02-13T09:23:00+03:00";988.111664835612
"Solar Irradiance";"2022-02-13T09:24:00+03:00";993.4183349609373
"Solar Irradiance";"2022-02-13T09:25:00+03:00";990.7499969482423
"Solar Irradiance";"2022-02-13T09:26:00+03:00";986.7566660563153
"Solar Irradiance";"2022-02-13T09:27:00+03:00";983.6666666666666
"Solar Irradiance";"2022-02-13T09:28:00+03:00";980.770003255208
"Solar Irradiance";"2022-02-13T09:29:00+03:00";979.4633331298829
"Solar Irradiance";"2022-02-13T09:30:00+03:00";979.3933319091797
"Solar Irradiance";"2022-02-13T09:31:00+03:00";981.3016672770179
"Solar Irradiance";"2022-02-13T09:32:00+03:00";982.9099985758463
"Solar Irradiance";"2022-02-13T09:33:00+03:00";980.6916646321614
"Solar Irradiance";"2022-02-13T09:34:00+03:00";977.7066691080727
"Solar Irradiance";"2022-02-13T09:35:00+03:00";980.2799947102869
"Solar Irradiance";"2022-02-13T09:36:00+03:00";982.8583343505859
"Solar Irradiance";"2022-02-13T09:37:00+03:00";981.6233347574869
"Solar Irradiance";"2022-02-13T09:38:00+03:00";979.3466644287112
"Solar Irradiance";"2022-02-13T09:39:00+03:00";982.5983347574868
"Solar Irradiance";"2022-02-13T09:40:00+03:00";977.6883341471354
"Solar Irradiance";"2022-02-13T09:41:00+03:00";976.229996744792
"Solar Irradiance";"2022-02-13T09:42:00+03:00";977.7383331298828
"Solar Irradiance";"2022-02-13T09:43:00+03:00";974.7249989827476
"Solar Irradiance";"2022-02-13T09:44:00+03:00";976.8583312988283
"Solar Irradiance";"2022-02-13T09:45:00+03:00";979.3166687011718
"Solar Irradiance";"2022-02-13T09:46:00+03:00";976.2650014241538
"Solar Irradiance";"2022-02-13T09:47:00+03:00";967.1266662597657
"Solar Irradiance";"2022-02-13T09:48:00+03:00";961.6916656494141
"Solar Irradiance";"2022-02-13T09:49:00+03:00";959.7833333333333
"Solar Irradiance";"2022-02-13T09:50:00+03:00";956.035001627604
"Solar Irradiance";"2022-02-13T09:51:00+03:00";951.7533294677737
"Solar Irradiance";"2022-02-13T09:52:00+03:00";947.3200022379556
"Solar Irradiance";"2022-02-13T09:53:00+03:00";945.8033355712888
"Solar Irradiance";"2022-02-13T09:54:00+03:00";945.1716664632164
"Solar Irradiance";"2022-02-13T09:55:00+03:00";947.3049997965496
"Solar Irradiance";"2022-02-13T09:56:00+03:00";944.2583272298181
"Solar Irradiance";"2022-02-13T09:57:00+03:00";936.7850006103513
"Solar Irradiance";"2022-02-13T09:58:00+03:00";933.6200012207031
"Solar Irradiance";"2022-02-13T09:59:00+03:00";935.1616678873696
"Solar Irradiance";"2022-02-13T10:00:00+03:00";935.1300018310548
"Solar Irradiance";"2022-02-13T10:01:00+03:00";930.9449981689453
"Solar Irradiance";"2022-02-13T10:02:00+03:00";925.6245324476707
"Solar Irradiance";"2022-02-13T10:03:00+03:00";921.9374989100868
"Solar Irradiance";"2022-02-13T10:04:00+03:00";920.5766682942708
"Solar Irradiance";"2022-02-13T10:05:00+03:00";921.5883321126305
"Solar Irradiance";"2022-02-13T10:06:00+03:00";917.7533355712891
"Solar Irradiance";"2022-02-13T10:07:00+03:00";918.1516662597656
"Solar Irradiance";"2022-02-13T10:08:00+03:00";913.5200042724605
"Solar Irradiance";"2022-02-13T10:09:00+03:00";908.1583312988281
"Solar Irradiance";"2022-02-13T10:10:00+03:00";905.5566640218101
"Solar Irradiance";"2022-02-13T10:11:00+03:00";903.3450042724605
"Solar Irradiance";"2022-02-13T10:12:00+03:00";903.6899953206383
"Solar Irradiance";"2022-02-13T10:13:00+03:00";902.0766713460285
"Solar Irradiance";"2022-02-13T10:14:00+03:00";896.1016642252606
"Solar Irradiance";"2022-02-13T10:15:00+03:00";892.0350006103515
"Solar Irradiance";"2022-02-13T10:16:00+03:00";889.1366628011073
"Solar Irradiance";"2022-02-13T10:17:00+03:00";887.8500020345052
"Solar Irradiance";"2022-02-13T10:18:00+03:00";887.6783355712889
"Solar Irradiance";"2022-02-13T10:19:00+03:00";884.3666656494141
"Solar Irradiance";"2022-02-13T10:20:00+03:00";879.5933349609373
"Solar Irradiance";"2022-02-13T10:21:00+03:00";875.6316640218103
"Solar Irradiance";"2022-02-13T10:22:00+03:00";873.9116638183598
"Solar Irradiance";"2022-02-13T10:23:00+03:00";872.8450032552079
"Solar Irradiance";"2022-02-13T10:24:00+03:00";870.5650044759113
"Solar Irradiance";"2022-02-13T10:25:00+03:00";868.0066670735677
"Solar Irradiance";"2022-02-13T10:26:00+03:00";868.1283315022787
"Solar Irradiance";"2022-02-13T10:27:00+03:00";867.2016632080082
"Solar Irradiance";"2022-02-13T10:28:00+03:00";865.051667277018
"Solar Irradiance";"2022-02-13T10:29:00+03:00";859.9100006103514
"Solar Irradiance";"2022-02-13T10:30:00+03:00";861.7932159941078
"Solar Irradiance";"2022-02-13T10:31:00+03:00";861.9533325195314
"Solar Irradiance";"2022-02-13T10:32:00+03:00";860.4716674804687
"Solar Irradiance";"2022-02-13T10:33:00+03:00";857.0933349609373
"Solar Irradiance";"2022-02-13T10:34:00+03:00";855.1500010172526
"Solar Irradiance";"2022-02-13T10:35:00+03:00";851.6149973551435
"Solar Irradiance";"2022-02-13T10:36:00+03:00";849.9999989827473
"Solar Irradiance";"2022-02-13T10:37:00+03:00";846.6316670735679
"Solar Irradiance";"2022-02-13T10:38:00+03:00";843.9066660563153
"Solar Irradiance";"2022-02-13T10:39:00+03:00";844.9583353678383
"Solar Irradiance";"2022-02-13T10:40:00+03:00";840.7216674804688
"Solar Irradiance";"2022-02-13T10:41:00+03:00";839.2933369954422
"Solar Irradiance";"2022-02-13T10:42:00+03:00";839.9550028483071
"Solar Irradiance";"2022-02-13T10:43:00+03:00";833.2833323160808
"Solar Irradiance";"2022-02-13T10:44:00+03:00";826.7749969482425
"Solar Irradiance";"2022-02-13T10:45:00+03:00";822.5383321126303
"Solar Irradiance";"2022-02-13T10:46:00+03:00";821.6833333333333
"Solar Irradiance";"2022-02-13T10:47:00+03:00";821.946666463216
"Solar Irradiance";"2022-02-13T10:48:00+03:00";818.1416656494141
"Solar Irradiance";"2022-02-13T10:49:00+03:00";815.2500030517579
"Solar Irradiance";"2022-02-13T10:50:00+03:00";812.2500010172527
"Solar Irradiance";"2022-02-13T10:51:00+03:00";810.6016672770182
"Solar Irradiance";"2022-02-13T10:52:00+03:00";807.0949971516932
"Solar Irradiance";"2022-02-13T10:53:00+03:00";804.3700022379555
"Solar Irradiance";"2022-02-13T10:54:00+03:00";799.4599985758464
"Solar Irradiance";"2022-02-13T10:55:00+03:00";795.2816650390627
"Solar Irradiance";"2022-02-13T10:56:00+03:00";791.1333323160808
"Solar Irradiance";"2022-02-13T10:57:00+03:00";789.066668701172
"Solar Irradiance";"2022-02-13T10:58:00+03:00";786.4983296712242
"Solar Irradiance";"2022-02-13T10:59:00+03:00";783.376665242513
"Solar Irradiance";"2022-02-13T11:00:00+03:00";779.6716654459638
"Solar Irradiance";"2022-02-13T11:01:00+03:00";775.6700022379555
"Solar Irradiance";"2022-02-13T11:02:00+03:00";773.3899953206385
"Solar Irradiance";"2022-02-13T11:03:00+03:00";770.7016642252607
"Solar Irradiance";"2022-02-13T11:04:00+03:00";767.9283345540363
"Solar Irradiance";"2022-02-13T11:05:00+03:00";765.1599945068363
"Solar Irradiance";"2022-02-13T11:06:00+03:00";761.1866638183595
"Solar Irradiance";"2022-02-13T11:07:00+03:00";757.7616648356122
"Solar Irradiance";"2022-02-13T11:08:00+03:00";753.2916656494144
"Solar Irradiance";"2022-02-13T11:09:00+03:00";746.9450002034505
"Solar Irradiance";"2022-02-13T11:10:00+03:00";742.5083353678385
"Solar Irradiance";"2022-02-13T11:11:00+03:00";740.3633310953776
"Solar Irradiance";"2022-02-13T11:12:00+03:00";736.7066680908205
"Solar Irradiance";"2022-02-13T11:13:00+03:00";735.3466664632161
"Solar Irradiance";"2022-02-13T11:14:00+03:00";734.4900004069009
"Solar Irradiance";"2022-02-13T11:15:00+03:00";731.145762298067
"Solar Irradiance";"2022-02-13T11:16:00+03:00";726.3883300781253
"Solar Irradiance";"2022-02-13T11:17:00+03:00";722.3166676839194
"Solar Irradiance";"2022-02-13T11:18:00+03:00";715.7716674804688
"Solar Irradiance";"2022-02-13T11:19:00+03:00";711.7116638183595
"Solar Irradiance";"2022-02-13T11:20:00+03:00";707.8866689046222
"Solar Irradiance";"2022-02-13T11:21:00+03:00";703.5383361816405
"Solar Irradiance";"2022-02-13T11:22:00+03:00";701.0483337402345
"Solar Irradiance";"2022-02-13T11:23:00+03:00";697.4983327229817
"Solar Irradiance";"2022-02-13T11:24:00+03:00";693.5783325195314
"Solar Irradiance";"2022-02-13T11:25:00+03:00";690.8466664632161
"Solar Irradiance";"2022-02-13T11:26:00+03:00";686.7583333333336
"Solar Irradiance";"2022-02-13T11:27:00+03:00";684.2049987792972
"Solar Irradiance";"2022-02-13T11:28:00+03:00";680.8666636149089
"Solar Irradiance";"2022-02-13T11:29:00+03:00";675.5733367919921
"Solar Irradiance";"2022-02-13T11:30:00+03:00";667.808336385091
"Solar Irradiance";"2022-02-13T11:31:00+03:00";664.8266632080084
"Solar Irradiance";"2022-02-13T11:32:00+03:00";661.9616699218748
"Solar Irradiance";"2022-02-13T11:33:00+03:00";657.2999989827476
"Solar Irradiance";"2022-02-13T11:34:00+03:00";655.4049997965493
"Solar Irradiance";"2022-02-13T11:35:00+03:00";651.111664835612
"Solar Irradiance";"2022-02-13T11:36:00+03:00";647.518333943685
"Solar Irradiance";"2022-02-13T11:37:00+03:00";645.0235272575829
"Solar Irradiance";"2022-02-13T11:38:00+03:00";643.6183359781897
"Solar Irradiance";"2022-02-13T11:39:00+03:00";641.4950032552082
"Solar Irradiance";"2022-02-13T11:40:00+03:00";637.7116658528645
"Solar Irradiance";"2022-02-13T11:41:00+03:00";633.1866678873696
"Solar Irradiance";"2022-02-13T11:42:00+03:00";628.6249999999999
"Solar Irradiance";"2022-02-13T11:43:00+03:00";625.4216715494786
"Solar Irradiance";"2022-02-13T11:44:00+03:00";620.3900034586587
"Solar Irradiance";"2022-02-13T11:45:00+03:00";617.9849985758466
"Solar Irradiance";"2022-02-13T11:46:00+03:00";616.8783365885413
"Solar Irradiance";"2022-02-13T11:47:00+03:00";611.7166676839194
"Solar Irradiance";"2022-02-13T11:48:00+03:00";606.9066680908201
"Solar Irradiance";"2022-02-13T11:49:00+03:00";602.4833323160807
"Solar Irradiance";"2022-02-13T11:50:00+03:00";597.1316680908201
"Solar Irradiance";"2022-02-13T11:51:00+03:00";592.949153576867
"Solar Irradiance";"2022-02-13T11:52:00+03:00";590.4549987792968
"Solar Irradiance";"2022-02-13T11:53:00+03:00";585.1383361816404
"Solar Irradiance";"2022-02-13T11:54:00+03:00";579.7683329264324
"Solar Irradiance";"2022-02-13T11:55:00+03:00";575.0583312988285
"Solar Irradiance";"2022-02-13T11:56:00+03:00";570.0066680908201
"Solar Irradiance";"2022-02-13T11:57:00+03:00";567.7233367919919
"Solar Irradiance";"2022-02-13T11:58:00+03:00";564.8100016276039
"Solar Irradiance";"2022-02-13T11:59:00+03:00";559.7716664632163
"Solar Irradiance";"2022-02-13T12:00:00+03:00";554.3566711425776
"Solar Irradiance";"2022-02-13T12:01:00+03:00";549.823332722982
"Solar Irradiance";"2022-02-13T12:02:00+03:00";543.7633321126302
"Solar Irradiance";"2022-02-13T12:03:00+03:00";540.209999593099
"Solar Irradiance";"2022-02-13T12:04:00+03:00";537.0716644287114
"Solar Irradiance";"2022-02-13T12:05:00+03:00";532.0899963378911
"Solar Irradiance";"2022-02-13T12:06:00+03:00";528.3000030517575
"Solar Irradiance";"2022-02-13T12:07:00+03:00";524.4016662597658
"Solar Irradiance";"2022-02-13T12:08:00+03:00";520.2233296712243
"Solar Irradiance";"2022-02-13T12:09:00+03:00";516.1483327229818
"Solar Irradiance";"2022-02-13T12:10:00+03:00";511.4499974568686
"Solar Irradiance";"2022-02-13T12:11:00+03:00";507.3083358764653
"Solar Irradiance";"2022-02-13T12:12:00+03:00";502.4649998982744
"Solar Irradiance";"2022-02-13T12:13:00+03:00";497.5500020345054
"Solar Irradiance";"2022-02-13T12:14:00+03:00";492.75833435058564
"Solar Irradiance";"2022-02-13T12:15:00+03:00";488.4779673430877
"Solar Irradiance";"2022-02-13T12:16:00+03:00";482.6700017293296
"Solar Irradiance";"2022-02-13T12:17:00+03:00";479.0750005086263
"Solar Irradiance";"2022-02-13T12:18:00+03:00";476.04833374023394
"Solar Irradiance";"2022-02-13T12:19:00+03:00";473.51166585286427
"Solar Irradiance";"2022-02-13T12:20:00+03:00";470.1633305867507
"Solar Irradiance";"2022-02-13T12:21:00+03:00";465.89999999999986
"Solar Irradiance";"2022-02-13T12:22:00+03:00";461.24000091552784
"Solar Irradiance";"2022-02-13T12:23:00+03:00";458.3533355712892
"Solar Irradiance";"2022-02-13T12:24:00+03:00";453.8649998982748
"Solar Irradiance";"2022-02-13T12:25:00+03:00";449.84333343505926
"Solar Irradiance";"2022-02-13T12:26:00+03:00";445.3383346557619
"Solar Irradiance";"2022-02-13T12:27:00+03:00";441.26333363850915
"Solar Irradiance";"2022-02-13T12:28:00+03:00";436.47000122070335
"Solar Irradiance";"2022-02-13T12:29:00+03:00";431.1450002034501
"Solar Irradiance";"2022-02-13T12:30:00+03:00";426.9016667683921
"Solar Irradiance";"2022-02-13T12:31:00+03:00";423.7299982706703
"Solar Irradiance";"2022-02-13T12:32:00+03:00";419.8999999999997
"Solar Irradiance";"2022-02-13T12:33:00+03:00";415.296666463216
"Solar Irradiance";"2022-02-13T12:34:00+03:00";411.08166656494126
"Solar Irradiance";"2022-02-13T12:35:00+03:00";406.68166758219405
"Solar Irradiance";"2022-02-13T12:36:00+03:00";402.17666727701896
"Solar Irradiance";"2022-02-13T12:37:00+03:00";396.05666859944705
"Solar Irradiance";"2022-02-13T12:38:00+03:00";391.898333740235
"Solar Irradiance";"2022-02-13T12:39:00+03:00";386.4616663614912
"Solar Irradiance";"2022-02-13T12:40:00+03:00";382.2200002034507
"Solar Irradiance";"2022-02-13T12:41:00+03:00";378.0250015258787
"Solar Irradiance";"2022-02-13T12:42:00+03:00";374.49833221435546
"Solar Irradiance";"2022-02-13T12:43:00+03:00";371.2283345540364
"Solar Irradiance";"2022-02-13T12:44:00+03:00";366.3333343505863
"Solar Irradiance";"2022-02-13T12:45:00+03:00";361.5666687011724
"Solar Irradiance";"2022-02-13T12:46:00+03:00";356.56610003972395
"Solar Irradiance";"2022-02-13T12:47:00+03:00";352.13166707356794
"Solar Irradiance";"2022-02-13T12:48:00+03:00";348.1750005086258
"Solar Irradiance";"2022-02-13T12:49:00+03:00";343.77499999999986
"Solar Irradiance";"2022-02-13T12:50:00+03:00";338.6866658528647
"Solar Irradiance";"2022-02-13T12:51:00+03:00";333.99499969482406
"Solar Irradiance";"2022-02-13T12:52:00+03:00";329.4099990844735
"Solar Irradiance";"2022-02-13T12:53:00+03:00";325.3216684977214
"Solar Irradiance";"2022-02-13T12:54:00+03:00";321.31333262125605
"Solar Irradiance";"2022-02-13T12:55:00+03:00";316.5366663614907
"Solar Irradiance";"2022-02-13T12:56:00+03:00";311.1383331298827
"Solar Irradiance";"2022-02-13T12:57:00+03:00";304.7983347574873
"Solar Irradiance";"2022-02-13T12:58:00+03:00";299.6016672770185
"Solar Irradiance";"2022-02-13T12:59:00+03:00";294.956666056315
"Solar Irradiance";"2022-02-13T13:00:00+03:00";289.7466690063476
"Solar Irradiance";"2022-02-13T13:01:00+03:00";284.2266662597657
"Solar Irradiance";"2022-02-13T13:02:00+03:00";278.43833312988284
"Solar Irradiance";"2022-02-13T13:03:00+03:00";272.97333374023435
"Solar Irradiance";"2022-02-13T13:04:00+03:00";268.4533325195313
"Solar Irradiance";"2022-02-13T13:05:00+03:00";263.8633316040035
"Solar Irradiance";"2022-02-13T13:06:00+03:00";258.90166727701774
"Solar Irradiance";"2022-02-13T13:07:00+03:00";253.4666671752934
"Solar Irradiance";"2022-02-13T13:08:00+03:00";248.18666687011734
"Solar Irradiance";"2022-02-13T13:09:00+03:00";243.12833226521744
"Solar Irradiance";"2022-02-13T13:10:00+03:00";237.68666636149075
"Solar Irradiance";"2022-02-13T13:11:00+03:00";232.56500015258797
"Solar Irradiance";"2022-02-13T13:12:00+03:00";228.0016670227054
"Solar Irradiance";"2022-02-13T13:13:00+03:00";223.41999994913732
"Solar Irradiance";"2022-02-13T13:14:00+03:00";218.11499989827468
"Solar Irradiance";"2022-02-13T13:15:00+03:00";213.4166666666666
"Solar Irradiance";"2022-02-13T13:16:00+03:00";208.51333363850935
"Solar Irradiance";"2022-02-13T13:17:00+03:00";203.8900004069014
"Solar Irradiance";"2022-02-13T13:18:00+03:00";198.62000020345067
"Solar Irradiance";"2022-02-13T13:19:00+03:00";193.085000610352
"Solar Irradiance";"2022-02-13T13:20:00+03:00";188.08333231608003
"Solar Irradiance";"2022-02-13T13:21:00+03:00";183.35166727701866
"Solar Irradiance";"2022-02-13T13:22:00+03:00";179.4100001017254
"Solar Irradiance";"2022-02-13T13:23:00+03:00";175.1700007120773
"Solar Irradiance";"2022-02-13T13:24:00+03:00";170.6966669718427
"Solar Irradiance";"2022-02-13T13:25:00+03:00";166.118333689372
"Solar Irradiance";"2022-02-13T13:26:00+03:00";161.6166664123533
"Solar Irradiance";"2022-02-13T13:27:00+03:00";156.9099995930987
"Solar Irradiance";"2022-02-13T13:28:00+03:00";151.95666681925468
"Solar Irradiance";"2022-02-13T13:29:00+03:00";147.58666712443068
"Solar Irradiance";"2022-02-13T13:30:00+03:00";143.25166727701864
"Solar Irradiance";"2022-02-13T13:31:00+03:00";139.10333251953068
"Solar Irradiance";"2022-02-13T13:32:00+03:00";135.11000086466532
"Solar Irradiance";"2022-02-13T13:33:00+03:00";130.69500020345066
"Solar Irradiance";"2022-02-13T13:34:00+03:00";125.58333320617665
"Solar Irradiance";"2022-02-13T13:35:00+03:00";120.59500020345067
"Solar Irradiance";"2022-02-13T13:36:00+03:00";116.06833318074531
"Solar Irradiance";"2022-02-13T13:37:00+03:00";111.62833302815737
"Solar Irradiance";"2022-02-13T13:38:00+03:00";106.99166666666665
"Solar Irradiance";"2022-02-13T13:39:00+03:00";101.66666666666673
"Solar Irradiance";"2022-02-13T13:40:00+03:00";97.03999989827474
"Solar Irradiance";"2022-02-13T13:41:00+03:00";93.47500025431314
"Solar Irradiance";"2022-02-13T13:42:00+03:00";90.2683334350586
"Solar Irradiance";"2022-02-13T13:43:00+03:00";86.3133331298828
"Solar Irradiance";"2022-02-13T13:44:00+03:00";82.24166666666665
"Solar Irradiance";"2022-02-13T13:45:00+03:00";79.27457621946174
"Solar Irradiance";"2022-02-13T13:46:00+03:00";76.3543860452217
"Solar Irradiance";"2022-02-13T13:47:00+03:00";72.88499972025554
"Solar Irradiance";"2022-02-13T13:48:00+03:00";69.62999979654947
"Solar Irradiance";"2022-02-13T13:49:00+03:00";66.58000005086264
"Solar Irradiance";"2022-02-13T13:50:00+03:00";62.74999980926513
"Solar Irradiance";"2022-02-13T13:51:00+03:00";59.33000011444092
"Solar Irradiance";"2022-02-13T13:52:00+03:00";48.75166695912676
"Solar Irradiance";"2022-02-13T13:53:00+03:00";34.60666653315229
"Solar Irradiance";"2022-02-13T13:54:00+03:00";29.661666742960602
"Solar Irradiance";"2022-02-13T13:55:00+03:00";28.434999879201317
"Solar Irradiance";"2022-02-13T13:56:00+03:00";27.238333352406826
"Solar Irradiance";"2022-02-13T13:57:00+03:00";26.09333340326945
"Solar Irradiance";"2022-02-13T13:58:00+03:00";25.02333329518635
"Solar Irradiance";"2022-02-13T13:59:00+03:00";23.921666685740202
"Solar Irradiance";"2022-02-13T14:00:00+03:00";22.819999980926504
"Solar Irradiance";"2022-02-13T14:01:00+03:00";21.829999987284396
"Solar Irradiance";"2022-02-13T14:02:00+03:00";20.781666660308897
"Solar Irradiance";"2022-02-13T14:03:00+03:00";19.881666723887054
"Solar Irradiance";"2022-02-13T14:04:00+03:00";18.92666670481373
"Solar Irradiance";"2022-02-13T14:05:00+03:00";17.96166661580405
"Solar Irradiance";"2022-02-13T14:06:00+03:00";17.03833325703942
"Solar Irradiance";"2022-02-13T14:07:00+03:00";16.013333320617683
"Solar Irradiance";"2022-02-13T14:08:00+03:00";15.11833333969117
"Solar Irradiance";"2022-02-13T14:09:00+03:00";14.03500000635783
"Solar Irradiance";"2022-02-13T14:10:00+03:00";13.078333361943583
"Solar Irradiance";"2022-02-13T14:11:00+03:00";12.246666653951001
"Solar Irradiance";"2022-02-13T14:12:00+03:00";11.435000085830747
"Solar Irradiance";"2022-02-13T14:13:00+03:00";10.649999984105419
"Solar Irradiance";"2022-02-13T14:14:00+03:00";9.879999987284341
"Solar Irradiance";"2022-02-13T14:15:00+03:00";9.071666638056437
"Solar Irradiance";"2022-02-13T14:16:00+03:00";8.413333447774255
"Solar Irradiance";"2022-02-13T14:17:00+03:00";7.631666692097977
"Solar Irradiance";"2022-02-13T14:18:00+03:00";7.02833335399628
"Solar Irradiance";"2022-02-13T14:19:00+03:00";6.339999977747604
"Solar Irradiance";"2022-02-13T14:20:00+03:00";5.735000014305116
"Solar Irradiance";"2022-02-13T14:21:00+03:00";5.233333341280619
"Solar Irradiance";"2022-02-13T14:22:00+03:00";4.688333352406819
"Solar Irradiance";"2022-02-13T14:23:00+03:00";4.186666639645899
"Solar Irradiance";"2022-02-13T14:24:00+03:00";3.8350000182787527
"Solar Irradiance";"2022-02-13T14:25:00+03:00";3.4583333412806185
"Solar Irradiance";"2022-02-13T14:26:00+03:00";3.0533333301544205
"Solar Irradiance";"2022-02-13T14:27:00+03:00";2.649999984105432
"Solar Irradiance";"2022-02-13T14:28:00+03:00";2.393333359559369
"Solar Irradiance";"2022-02-13T14:29:00+03:00";2.136666649580006
"Solar Irradiance";"2022-02-13T14:30:00+03:00";1.8949999789396763
"Solar Irradiance";"2022-02-13T14:31:00+03:00";1.6627118850158529
"Solar Irradiance";"2022-02-13T14:32:00+03:00";1.3899999876816946
"Solar Irradiance";"2022-02-13T14:33:00+03:00";1.1266666909059089
"Solar Irradiance";"2022-02-13T14:34:00+03:00";0.9466666589180622
"Solar Irradiance";"2022-02-13T14:35:00+03:00";0.8133333295583721
"Solar Irradiance";"2022-02-13T14:36:00+03:00";0.6966666658719379
"Solar Irradiance";"2022-02-13T14:37:00+03:00";0.5766666809717831
"Solar Irradiance";"2022-02-13T14:38:00+03:00";0.46500000258286645
"Solar Irradiance";"2022-02-13T14:39:00+03:00";0.3883333399891827
"Solar Irradiance";"2022-02-13T14:40:00+03:00";0.30000001018246025
"Solar Irradiance";"2022-02-13T14:41:00+03:00";0.22500000571211112
"Solar Irradiance";"2022-02-13T14:42:00+03:00";0.19000000345210147
"Solar Irradiance";"2022-02-13T14:43:00+03:00";0.12666666867832455
"Solar Irradiance";"2022-02-13T14:44:00+03:00";0.0916666680326088
"Solar Irradiance";"2022-02-13T14:45:00+03:00";0.08166666788359733
"Solar Irradiance";"2022-02-13T14:46:00+03:00";0.06000000089407205
"Solar Irradiance";"2022-02-13T14:47:00+03:00";0.048333334053557865
"Solar Irradiance";"2022-02-13T14:48:00+03:00";0.05666666751106787
"Solar Irradiance";"2022-02-13T14:49:00+03:00";0.03500000052154202
"Solar Irradiance";"2022-02-13T14:50:00+03:00";0.033333333830040016
"Solar Irradiance";"2022-02-13T14:51:00+03:00";0.033333333830040016
"Solar Irradiance";"2022-02-13T14:52:00+03:00";0.03000000044703601
"Solar Irradiance";"2022-02-13T14:53:00+03:00";0.038333333904546026
"Solar Irradiance";"2022-02-13T14:54:00+03:00";0.03500000052154202
"Solar Irradiance";"2022-02-13T14:55:00+03:00";0.023333333681028006
"Solar Irradiance";"2022-02-13T14:56:00+03:00";0.025000000372530008
"Solar Irradiance";"2022-02-13T14:57:00+03:00";0.018333333606522
"Solar Irradiance";"2022-02-13T14:58:00+03:00";0.018333333606522
"Solar Irradiance";"2022-02-13T14:59:00+03:00";0.03166666713853802
"Solar Irradiance";"2022-02-13T15:00:00+03:00";0.02666666706403201
"Solar Irradiance";"2022-02-13T15:01:00+03:00";0.01666666691502
"Solar Irradiance";"2022-02-13T15:02:00+03:00";0.041666667287549856
"Solar Irradiance";"2022-02-13T15:03:00+03:00";0.033333333830040016
"Solar Irradiance";"2022-02-13T15:04:00+03:00";0.028333333755533676
"Solar Irradiance";"2022-02-13T15:05:00+03:00";0.03666666721304369
"Solar Irradiance";"2022-02-13T15:06:00+03:00";0.03166666713853784
"Solar Irradiance";"2022-02-13T15:07:00+03:00";0.010000000149012
"Solar Irradiance";"2022-02-13T15:08:00+03:00";0.01666666691502
"Solar Irradiance";"2022-02-13T15:09:00+03:00";0.03166666713853784
"Solar Irradiance";"2022-02-13T15:10:00+03:00";0.011864406956454916
"Solar Irradiance";"2022-02-13T15:11:00+03:00";0.018333333606522
"Solar Irradiance";"2022-02-13T15:12:00+03:00";0.03166666713853785
"Solar Irradiance";"2022-02-13T15:13:00+03:00";0.02666666706403201
"Solar Irradiance";"2022-02-13T15:14:00+03:00";0.02666666706403201
"Solar Irradiance";"2022-02-13T15:15:00+03:00";0.03000000044703601
"Solar Irradiance";"2022-02-13T15:16:00+03:00";0.02666666706403201
"Solar Irradiance";"2022-02-13T15:17:00+03:00";0.023333333681028006
"Solar Irradiance";"2022-02-13T15:18:00+03:00";0.02666666706403201
"Solar Irradiance";"2022-02-13T15:19:00+03:00";0.015000000223518
"Solar Irradiance";"2022-02-13T15:20:00+03:00";0.021666666989526004
"Solar Irradiance";"2022-02-13T15:21:00+03:00";0.01666666691502
"Solar Irradiance";"2022-02-13T15:22:00+03:00";0.011666666840514001
"Solar Irradiance";"2022-02-13T15:23:00+03:00";0.018333333606522
"Solar Irradiance";"2022-02-13T15:24:00+03:00";0.018333333606521836
"Solar Irradiance";"2022-02-13T15:25:00+03:00";0.01666666691502
"Solar Irradiance";"2022-02-13T15:26:00+03:00";0.01666666691502
"Solar Irradiance";"2022-02-13T15:27:00+03:00";0.00833333345751
"Solar Irradiance";"2022-02-13T15:28:00+03:00";0.00833333345751
"Solar Irradiance";"2022-02-13T15:29:00+03:00";0.014035087928437896
"Solar Irradiance";"2022-02-13T15:30:00+03:00";0.022413793437440523
"Solar Irradiance";"2022-02-13T15:31:00+03:00";0.023333333681028006
"Solar Irradiance";"2022-02-13T15:32:00+03:00";0.011666666840514001
"Solar Irradiance";"2022-02-13T15:33:00+03:00";0.01666666691502
"Solar Irradiance";"2022-02-13T15:34:00+03:00";0.021666666989526004
"Solar Irradiance";"2022-02-13T15:35:00+03:00";0.015000000223518
"Solar Irradiance";"2022-02-13T15:36:00+03:00";0.00833333345751
"Solar Irradiance";"2022-02-13T15:37:00+03:00";0.015000000223518
"Solar Irradiance";"2022-02-13T15:38:00+03:00";0.011666666840514001
"Solar Irradiance";"2022-02-13T15:39:00+03:00";0.018333333606522
"Solar Irradiance";"2022-02-13T15:40:00+03:00";0.01666666691502
"Solar Irradiance";"2022-02-13T15:41:00+03:00";0.015000000223517834
"Solar Irradiance";"2022-02-13T15:42:00+03:00";0.01666666691502
"Solar Irradiance";"2022-02-13T15:43:00+03:00";0.015000000223518
"Solar Irradiance";"2022-02-13T15:44:00+03:00";0.00833333345751
"Solar Irradiance";"2022-02-13T15:45:00+03:00";0.018333333606522
"Solar Irradiance";"2022-02-13T15:46:00+03:00";0.013333333532016
"Solar Irradiance";"2022-02-13T15:47:00+03:00";0.013333333532016
"Solar Irradiance";"2022-02-13T15:48:00+03:00";0.01666666691502
"Solar Irradiance";"2022-02-13T15:49:00+03:00";0.011666666840514001
"Solar Irradiance";"2022-02-13T15:50:00+03:00";0.020000000298024
"Solar Irradiance";"2022-02-13T15:51:00+03:00";0.011666666840514001
"Solar Irradiance";"2022-02-13T15:52:00+03:00";0.010000000149012
"Solar Irradiance";"2022-02-13T15:53:00+03:00";0.00833333345751
"Solar Irradiance";"2022-02-13T15:54:00+03:00";0.005000000074506
"Solar Irradiance";"2022-02-13T15:55:00+03:00";0.01666666691502
"Solar Irradiance";"2022-02-13T15:56:00+03:00";0.003333333383004
"Solar Irradiance";"2022-02-13T15:57:00+03:00";0.010000000149012
"Solar Irradiance";"2022-02-13T15:58:00+03:00";0.005000000074506
"Solar Irradiance";"2022-02-13T15:59:00+03:00";0.00833333345751
"Solar Irradiance";"2022-02-13T16:00:00+03:00";0.005000000074506
"Solar Irradiance";"2022-02-13T16:01:00+03:00";0.013333333532016
"Solar Irradiance";"2022-02-13T16:02:00+03:00";0.020000000298024
"Solar Irradiance";"2022-02-13T16:03:00+03:00";0.008474576397467798
"Solar Irradiance";"2022-02-13T16:04:00+03:00";0.011864406956454916
"Solar Irradiance";"2022-02-13T16:05:00+03:00";0.013333333532016
"Solar Irradiance";"2022-02-13T16:06:00+03:00";0.013333333532016
"Solar Irradiance";"2022-02-13T16:07:00+03:00";0.010000000149012
"Solar Irradiance";"2022-02-13T16:08:00+03:00";0.015000000223518
"Solar Irradiance";"2022-02-13T16:09:00+03:00";0.00833333345751
"Solar Irradiance";"2022-02-13T16:10:00+03:00";0.00833333345751
"Solar Irradiance";"2022-02-13T16:11:00+03:00";0.006666666766008
"Solar Irradiance";"2022-02-13T16:12:00+03:00";0.003333333383004
"Solar Irradiance";"2022-02-13T16:13:00+03:00";0.003333333383004
"Solar Irradiance";"2022-02-13T16:14:00+03:00";0.010000000149012
"Solar Irradiance";"2022-02-13T16:15:00+03:00";0.013333333532016
"Solar Irradiance";"2022-02-13T16:16:00+03:00";0.005000000074506
"Solar Irradiance";"2022-02-13T16:17:00+03:00";0.010000000149012
"Solar Irradiance";"2022-02-13T16:18:00+03:00";0.00833333345751
"Solar Irradiance";"2022-02-13T16:19:00+03:00";0.005000000074506
"Solar Irradiance";"2022-02-13T16:20:00+03:00";0.003333333383004
"Solar Irradiance";"2022-02-13T16:21:00+03:00";0.018333333606522
"Solar Irradiance";"2022-02-13T16:22:00+03:00";0.018333333606522
"Solar Irradiance";"2022-02-13T16:23:00+03:00";0.015000000223518
"Solar Irradiance";"2022-02-13T16:24:00+03:00";0.013333333532015833
"Solar Irradiance";"2022-02-13T16:25:00+03:00";0.00833333345751
"Solar Irradiance";"2022-02-13T16:26:00+03:00";0.010000000149012
"Solar Irradiance";"2022-02-13T16:27:00+03:00";0.00833333345751
"Solar Irradiance";"2022-02-13T16:28:00+03:00";0.006666666766008
"Solar Irradiance";"2022-02-13T16:29:00+03:00";0.003333333383004
"Solar Irradiance";"2022-02-13T16:30:00+03:00";0.00833333345751
"Solar Irradiance";"2022-02-13T16:31:00+03:00";0.006666666766008
"Solar Irradiance";"2022-02-13T16:32:00+03:00";0.003333333383004
"Solar Irradiance";"2022-02-13T16:33:00+03:00";0.020000000298024
"Solar Irradiance";"2022-02-13T16:34:00+03:00";0.011666666840514001
"Solar Irradiance";"2022-02-13T16:35:00+03:00";0.013333333532016
"Solar Irradiance";"2022-02-13T16:36:00+03:00";0.020000000298024
"Solar Irradiance";"2022-02-13T16:37:00+03:00";0.023333333681027836
"Solar Irradiance";"2022-02-13T16:38:00+03:00";0.018333333606521836
"Solar Irradiance";"2022-02-13T16:39:00+03:00";0.020000000298024
"Solar Irradiance";"2022-02-13T16:40:00+03:00";0.015254237515442035
"Solar Irradiance";"2022-02-13T16:41:00+03:00";0.011666666840514001
"Solar Irradiance";"2022-02-13T16:42:00+03:00";0.018333333606522
"Solar Irradiance";"2022-02-13T16:43:00+03:00";0.015000000223518
"Solar Irradiance";"2022-02-13T16:44:00+03:00";0.021666666989526004
"Solar Irradiance";"2022-02-13T16:45:00+03:00";0.015000000223518
"Solar Irradiance";"2022-02-13T16:46:00+03:00";0.015000000223518
"Solar Irradiance";"2022-02-13T16:47:00+03:00";0.00833333345751
"Solar Irradiance";"2022-02-13T16:48:00+03:00";0.013333333532016
"Solar Irradiance";"2022-02-13T16:49:00+03:00";0.021666666989526004
"Solar Irradiance";"2022-02-13T16:50:00+03:00";0.013333333532016
"Solar Irradiance";"2022-02-13T16:51:00+03:00";0.011666666840514001
"Solar Irradiance";"2022-02-13T16:52:00+03:00";0.016666666915019834
"Solar Irradiance";"2022-02-13T16:53:00+03:00";0.025000000372530008
"Solar Irradiance";"2022-02-13T16:54:00+03:00";0.021666666989526004
"Solar Irradiance";"2022-02-13T16:55:00+03:00";0.01666666691502
"Solar Irradiance";"2022-02-13T16:56:00+03:00";0.013333333532016
"Solar Irradiance";"2022-02-13T16:57:00+03:00";0.016666666915019834
"Solar Irradiance";"2022-02-13T16:58:00+03:00";0.020000000298024
"Solar Irradiance";"2022-02-13T16:59:00+03:00";0.015000000223518
"Solar Irradiance";"2022-02-13T17:00:00+03:00";0.018333333606522
"Solar Irradiance";"2022-02-13T17:01:00+03:00";0.010000000149012
"Solar Irradiance";"2022-02-13T17:02:00+03:00";0.00833333345751
"Solar Irradiance";"2022-02-13T17:03:00+03:00";0.011666666840514001
"Solar Irradiance";"2022-02-13T17:04:00+03:00";0.00833333345751
"Solar Irradiance";"2022-02-13T17:05:00+03:00";0.011666666840514001
"Solar Irradiance";"2022-02-13T17:06:00+03:00";0.011666666840514001
"Solar Irradiance";"2022-02-13T17:07:00+03:00";0.00833333345751
"Solar Irradiance";"2022-02-13T17:08:00+03:00";0.010000000149012
"Solar Irradiance";"2022-02-13T17:09:00+03:00";0.003333333383004
"Solar Irradiance";"2022-02-13T17:10:00+03:00";0.02000000029802384
"Solar Irradiance";"2022-02-13T17:11:00+03:00";0.015000000223518
"Solar Irradiance";"2022-02-13T17:12:00+03:00";0.01666666691502
"Solar Irradiance";"2022-02-13T17:13:00+03:00";0.01666666691502
"Solar Irradiance";"2022-02-13T17:14:00+03:00";0.011666666840514001
"Solar Irradiance";"2022-02-13T17:15:00+03:00";0.005084745838480678
"Solar Irradiance";"2022-02-13T17:16:00+03:00";0.011666666840514001
"Solar Irradiance";"2022-02-13T17:17:00+03:00";0.01666666691502
"Solar Irradiance";"2022-02-13T17:18:00+03:00";0.010000000149012
"Solar Irradiance";"2022-02-13T17:19:00+03:00";0.003333333383004
"Solar Irradiance";"2022-02-13T17:20:00+03:00";0.010000000149011834
"Solar Irradiance";"2022-02-13T17:21:00+03:00";0.011666666840514001
"Solar Irradiance";"2022-02-13T17:22:00+03:00";0.010000000149012
"Solar Irradiance";"2022-02-13T17:23:00+03:00";0.006666666766008
"Solar Irradiance";"2022-02-13T17:24:00+03:00";0.003333333383004
"Solar Irradiance";"2022-02-13T17:25:00+03:00";0.01666666691502
"Solar Irradiance";"2022-02-13T17:26:00+03:00";0.010000000149012
"Solar Irradiance";"2022-02-13T17:27:00+03:00";0.003333333383004
"Solar Irradiance";"2022-02-13T17:28:00+03:00";0.005000000074506
"Solar Irradiance";"2022-02-13T17:29:00+03:00";0.005000000074506
"Solar Irradiance";"2022-02-13T17:30:00+03:00";0.003333333383004
"Solar Irradiance";"2022-02-13T17:31:00+03:00";0.006666666766008
"Solar Irradiance";"2022-02-13T17:32:00+03:00";0.001666666691502
"Solar Irradiance";"2022-02-13T17:33:00+03:00";0.006666666766008
"Solar Irradiance";"2022-02-13T17:34:00+03:00";0.003333333383004
"Solar Irradiance";"2022-02-13T17:35:00+03:00";0.006666666766008
"Solar Irradiance";"2022-02-13T17:36:00+03:00";0.011666666840514001
"Solar Irradiance";"2022-02-13T17:37:00+03:00";0.005000000074506
"Solar Irradiance";"2022-02-13T17:38:00+03:00";0.003333333383004
"Solar Irradiance";"2022-02-13T17:39:00+03:00";0.001666666691502
"Solar Irradiance";"2022-02-13T17:40:00+03:00";0.01666666691502
"Solar Irradiance";"2022-02-13T17:41:00+03:00";0.011666666840514001
"Solar Irradiance";"2022-02-13T17:42:00+03:00";0.02833333375553401
"Solar Irradiance";"2022-02-13T17:43:00+03:00";0.015000000223518
"Solar Irradiance";"2022-02-13T17:44:00+03:00";0.015000000223518
"Solar Irradiance";"2022-02-13T17:45:00+03:00";0.00833333345751
"Solar Irradiance";"2022-02-13T17:46:00+03:00";0.015000000223518
"Solar Irradiance";"2022-02-13T17:47:00+03:00";0.018333333606522
"Solar Irradiance";"2022-02-13T17:48:00+03:00";0.02166666698952584
"Solar Irradiance";"2022-02-13T17:49:00+03:00";0.015000000223518
"Solar Irradiance";"2022-02-13T17:50:00+03:00";0.015254237515442035
"Solar Irradiance";"2022-02-13T17:51:00+03:00";0.00833333345751
"Solar Irradiance";"2022-02-13T17:52:00+03:00";0.015000000223518
"Solar Irradiance";"2022-02-13T17:53:00+03:00";0.013333333532016
"Solar Irradiance";"2022-02-13T17:54:00+03:00";0.011666666840514001
"Solar Irradiance";"2022-02-13T17:55:00+03:00";0.00833333345751
"Solar Irradiance";"2022-02-13T17:56:00+03:00";0.00833333345751
"Solar Irradiance";"2022-02-13T17:57:00+03:00";0.011666666840514001
"Solar Irradiance";"2022-02-13T17:58:00+03:00";0.020000000298024
"Solar Irradiance";"2022-02-13T17:59:00+03:00";0.00833333345751
"Solar Irradiance";"2022-02-13T18:00:00+03:00";0.00833333345751
"Solar Irradiance";"2022-02-13T18:01:00+03:00";0.010000000149012
"Solar Irradiance";"2022-02-13T18:02:00+03:00";0.01666666691502
"Solar Irradiance";"2022-02-13T18:03:00+03:00";0.010000000149012
"Solar Irradiance";"2022-02-13T18:04:00+03:00";0.023333333681027843
"Solar Irradiance";"2022-02-13T18:05:00+03:00";0.015000000223517834
"Solar Irradiance";"2022-02-13T18:06:00+03:00";0.003333333383004
"Solar Irradiance";"2022-02-13T18:07:00+03:00";0.00833333345751
"Solar Irradiance";"2022-02-13T18:08:00+03:00";0.015000000223518
"Solar Irradiance";"2022-02-13T18:09:00+03:00";0.02166666698952584
"Solar Irradiance";"2022-02-13T18:10:00+03:00";0.01666666691502
"Solar Irradiance";"2022-02-13T18:11:00+03:00";0.02833333375553401
"Solar Irradiance";"2022-02-13T18:12:00+03:00";0.00833333345751
"Solar Irradiance";"2022-02-13T18:13:00+03:00";0.01666666691502
"Solar Irradiance";"2022-02-13T18:14:00+03:00";0.00833333345751
"Solar Irradiance";"2022-02-13T18:15:00+03:00";0.020000000298024
"Solar Irradiance";"2022-02-13T18:16:00+03:00";0.013333333532016
"Solar Irradiance";"2022-02-13T18:17:00+03:00";0.025000000372530008
"Solar Irradiance";"2022-02-13T18:18:00+03:00";0.010000000149012
"Solar Irradiance";"2022-02-13T18:19:00+03:00";0.011666666840514001
"Solar Irradiance";"2022-02-13T18:20:00+03:00";0.013333333532016
"Solar Irradiance";"2022-02-13T18:21:00+03:00";0.010000000149012
"Solar Irradiance";"2022-02-13T18:22:00+03:00";0.021666666989526004
"Solar Irradiance";"2022-02-13T18:23:00+03:00";0.01666666691502
"Solar Irradiance";"2022-02-13T18:24:00+03:00";0.00833333345751
"Solar Irradiance";"2022-02-13T18:25:00+03:00";0.005000000074506
"Solar Irradiance";"2022-02-13T18:26:00+03:00";0.006666666766008
"Solar Irradiance";"2022-02-13T18:27:00+03:00";0.010000000149012
"Solar Irradiance";"2022-02-13T18:28:00+03:00";0.005000000074506
"Solar Irradiance";"2022-02-13T18:29:00+03:00";0.003333333383004
"Solar Irradiance";"2022-02-13T18:30:00+03:00";0.010000000149012
"Solar Irradiance";"2022-02-13T18:31:00+03:00";0.00833333345751
"Solar Irradiance";"2022-02-13T18:32:00+03:00";0.018333333606522
"Solar Irradiance";"2022-02-13T18:33:00+03:00";0.00833333345751
"Solar Irradiance";"2022-02-13T18:34:00+03:00";0.006666666766008
"Solar Irradiance";"2022-02-13T18:35:00+03:00";0.00833333345751
"Solar Irradiance";"2022-02-13T18:36:00+03:00";0.013333333532016
"Solar Irradiance";"2022-02-13T18:37:00+03:00";0.025000000372529845
"Solar Irradiance";"2022-02-13T18:38:00+03:00";0.016666666915019834
"Solar Irradiance";"2022-02-13T18:39:00+03:00";0.03333333383003985
"Solar Irradiance";"2022-02-13T18:40:00+03:00";0.005000000074506
"Solar Irradiance";"2022-02-13T18:41:00+03:00";0.005000000074506
"Solar Irradiance";"2022-02-13T18:42:00+03:00";0.013333333532015833
"Solar Irradiance";"2022-02-13T18:43:00+03:00";0.010000000149012
"Solar Irradiance";"2022-02-13T18:44:00+03:00";0.020000000298024
"Solar Irradiance";"2022-02-13T18:45:00+03:00";0.011666666840514001
"Solar Irradiance";"2022-02-13T18:46:00+03:00";0.013333333532015833
"Solar Irradiance";"2022-02-13T18:47:00+03:00";0.021666666989526004
"Solar Irradiance";"2022-02-13T18:48:00+03:00";0.006666666766008
"Solar Irradiance";"2022-02-13T18:49:00+03:00";0.011666666840514001
"Solar Irradiance";"2022-02-13T18:50:00+03:00";0.0066666667660078335
"Solar Irradiance";"2022-02-13T18:51:00+03:00";0.018333333606521836